group,trial,condition,label,cut_edges,retention,sunny_affinity,rainy_affinity,sunny_margin,rainy_margin
固定射影,1,無処置,晴れ未経験,0,1.0,0.36322572,0.08883915,0.27438657,0.19380207
固定射影,1,無処置,雨未経験,0,1.0,0.07409229,0.26789436,0.27438657,0.19380207
固定射影,1,無処置,曖昧天気,0,1.0,0.315874,0.16392125,0.27438657,0.19380207
固定射影,1,無処置,遠い対照,0,1.0,0.02598517,0.00979445,0.27438657,0.19380207
固定射影,1,雨中心クラスタ,晴れ未経験,32,1.0,0.36322572,0.08883915,0.27438657,-0.00152586
固定射影,1,雨中心クラスタ,雨未経験,32,0.35227273,0.02853975,0.02701389,0.27438657,-0.00152586
固定射影,1,雨中心クラスタ,曖昧天気,32,1.0,0.315874,0.16392125,0.27438657,-0.00152586
固定射影,1,雨中心クラスタ,遠い対照,32,1.0,0.02598517,0.00979445,0.27438657,-0.00152586
固定射影,1,混合・補助クラスタ,晴れ未経験,68,0.9719697,0.36088894,0.09021116,0.27067778,0.19380207
固定射影,1,混合・補助クラスタ,雨未経験,68,1.0,0.07409229,0.26789436,0.27067778,0.19380207
固定射影,1,混合・補助クラスタ,曖昧天気,68,0.94833333,0.29758812,0.16934914,0.27067778,0.19380207
固定射影,1,混合・補助クラスタ,遠い対照,68,0.14482759,0.0927578,0.08749769,0.27067778,0.19380207
固定射影,1,晴れ中心クラスタ,晴れ未経験,29,0.36060606,0.0526293,0.01820886,0.03442044,0.19380207
固定射影,1,晴れ中心クラスタ,雨未経験,29,1.0,0.07409229,0.26789436,0.03442044,0.19380207
固定射影,1,晴れ中心クラスタ,曖昧天気,29,0.3775,0.05939692,0.02121209,0.03442044,0.19380207
固定射影,1,晴れ中心クラスタ,遠い対照,29,1.0,0.02598517,0.00979445,0.03442044,0.19380207
固定射影,1,曖昧・橋渡しクラスタ,晴れ未経験,23,0.7280303,0.35431017,0.09471521,0.25959496,0.23589614
固定射影,1,曖昧・橋渡しクラスタ,雨未経験,23,0.75606061,0.0595862,0.29548233,0.25959496,0.23589614
固定射影,1,曖昧・橋渡しクラスタ,曖昧天気,23,0.72361111,0.32077897,0.17598839,0.25959496,0.23589614
固定射影,1,曖昧・橋渡しクラスタ,遠い対照,23,1.0,0.02598517,0.00979445,0.25959496,0.23589614
固定射影,2,無処置,晴れ未経験,0,1.0,0.36322572,0.08883915,0.27438657,0.19380207
固定射影,2,無処置,雨未経験,0,1.0,0.07409229,0.26789436,0.27438657,0.19380207
固定射影,2,無処置,曖昧天気,0,1.0,0.315874,0.16392125,0.27438657,0.19380207
固定射影,2,無処置,遠い対照,0,1.0,0.02598517,0.00979445,0.27438657,0.19380207
固定射影,2,混合・補助クラスタ,晴れ未経験,67,0.75606061,0.35177793,0.09621768,0.25556025,0.23589614
固定射影,2,混合・補助クラスタ,雨未経験,67,0.75606061,0.0595862,0.29548233,0.25556025,0.23589614
固定射影,2,混合・補助クラスタ,曖昧天気,67,1.0,0.315874,0.16392125,0.25556025,0.23589614
固定射影,2,混合・補助クラスタ,遠い対照,67,0.14482759,0.0927578,0.08749769,0.25556025,0.23589614
固定射影,2,晴れ中心クラスタ,晴れ未経験,24,0.36060606,0.0526293,0.01820886,0.03442044,0.19380207
固定射影,2,晴れ中心クラスタ,雨未経験,24,1.0,0.07409229,0.26789436,0.03442044,0.19380207
固定射影,2,晴れ中心クラスタ,曖昧天気,24,0.3775,0.05939692,0.02121209,0.03442044,0.19380207
固定射影,2,晴れ中心クラスタ,遠い対照,24,1.0,0.02598517,0.00979445,0.03442044,0.19380207
固定射影,2,曖昧・橋渡しクラスタ,晴れ未経験,18,0.94393939,0.36322572,0.08883915,0.27438657,0.19380207
固定射影,2,曖昧・橋渡しクラスタ,雨未経験,18,1.0,0.07409229,0.26789436,0.27438657,0.19380207
固定射影,2,曖昧・橋渡しクラスタ,曖昧天気,18,0.55055556,0.2753525,0.13002528,0.27438657,0.19380207
固定射影,2,曖昧・橋渡しクラスタ,遠い対照,18,1.0,0.02598517,0.00979445,0.27438657,0.19380207
固定射影,2,雨中心クラスタ,晴れ未経験,43,1.0,0.36322572,0.08883915,0.27438657,-0.00152586
固定射影,2,雨中心クラスタ,雨未経験,43,0.35227273,0.02853975,0.02701389,0.27438657,-0.00152586
固定射影,2,雨中心クラスタ,曖昧天気,43,1.0,0.315874,0.16392125,0.27438657,-0.00152586
固定射影,2,雨中心クラスタ,遠い対照,43,0.95372051,0.0263998,0.00351056,0.27438657,-0.00152586
固定射影,3,無処置,晴れ未経験,0,1.0,0.36322572,0.08883915,0.27438657,0.19380207
固定射影,3,無処置,雨未経験,0,1.0,0.07409229,0.26789436,0.27438657,0.19380207
固定射影,3,無処置,曖昧天気,0,1.0,0.315874,0.16392125,0.27438657,0.19380207
固定射影,3,無処置,遠い対照,0,1.0,0.02598517,0.00979445,0.27438657,0.19380207
固定射影,3,混合・補助クラスタ,晴れ未経験,51,0.7,0.35177793,0.09621768,0.25556025,0.23589614
固定射影,3,混合・補助クラスタ,雨未経験,51,0.75606061,0.0595862,0.29548233,0.25556025,0.23589614
固定射影,3,混合・補助クラスタ,曖昧天気,51,0.72361111,0.32077897,0.17598839,0.25556025,0.23589614
固定射影,3,混合・補助クラスタ,遠い対照,51,0.14482759,0.09682985,0.08597638,0.25556025,0.23589614
固定射影,3,雨中心クラスタ,晴れ未経験,50,1.0,0.36322572,0.08883915,0.27438657,-0.00152586
固定射影,3,雨中心クラスタ,雨未経験,50,0.35227273,0.02853975,0.02701389,0.27438657,-0.00152586
固定射影,3,雨中心クラスタ,曖昧天気,50,1.0,0.315874,0.16392125,0.27438657,-0.00152586
固定射影,3,雨中心クラスタ,遠い対照,50,0.95372051,0.0263998,0.00351056,0.27438657,-0.00152586
固定射影,3,天気共通クラスタ,晴れ未経験,23,0.51212121,0.14363264,0.01708952,0.12654313,0.19380207
固定射影,3,天気共通クラスタ,雨未経験,23,1.0,0.07409229,0.26789436,0.12654313,0.19380207
固定射影,3,天気共通クラスタ,曖昧天気,23,0.3775,0.05939692,0.02121209,0.12654313,0.19380207
固定射影,3,天気共通クラスタ,遠い対照,23,1.0,0.02598517,0.00979445,0.12654313,0.19380207
固定射影,3,晴れ中心クラスタ,晴れ未経験,28,0.84848485,0.26266258,0.09459659,0.16806599,0.19380207
固定射影,3,晴れ中心クラスタ,雨未経験,28,1.0,0.07409229,0.26789436,0.16806599,0.19380207
固定射影,3,晴れ中心クラスタ,曖昧天気,28,0.94833333,0.29758812,0.16934914,0.16806599,0.19380207
固定射影,3,晴れ中心クラスタ,遠い対照,28,1.0,0.02598517,0.00979445,0.16806599,0.19380207
固定射影,4,無処置,晴れ未経験,0,1.0,0.36322572,0.08883915,0.27438657,0.19380207
固定射影,4,無処置,雨未経験,0,1.0,0.07409229,0.26789436,0.27438657,0.19380207
固定射影,4,無処置,曖昧天気,0,1.0,0.315874,0.16392125,0.27438657,0.19380207
固定射影,4,無処置,遠い対照,0,1.0,0.02598517,0.00979445,0.27438657,0.19380207
固定射影,4,天気共通クラスタ,晴れ未経験,21,0.61590909,0.17718519,0.01658074,0.16060444,0.19380207
固定射影,4,天気共通クラスタ,雨未経験,21,1.0,0.07409229,0.26789436,0.16060444,0.19380207
固定射影,4,天気共通クラスタ,曖昧天気,21,0.47305556,0.09173514,0.02056199,0.16060444,0.19380207
固定射影,4,天気共通クラスタ,遠い対照,21,1.0,0.02598517,0.00979445,0.16060444,0.19380207
固定射影,4,雨中心クラスタ,晴れ未経験,35,0.86818182,0.35697783,0.09325941,0.26371841,0.03174437
固定射影,4,雨中心クラスタ,雨未経験,35,0.125,0.01000653,0.0417509,0.26371841,0.03174437
固定射影,4,雨中心クラスタ,曖昧天気,35,1.0,0.315874,0.16392125,0.26371841,0.03174437
固定射影,4,雨中心クラスタ,遠い対照,35,1.0,0.02598517,0.00979445,0.26371841,0.03174437
固定射影,4,混合・補助クラスタ,晴れ未経験,86,0.88787879,0.36322572,0.08883915,0.27438657,0.19380207
固定射影,4,混合・補助クラスタ,雨未経験,86,1.0,0.07409229,0.26789436,0.27438657,0.19380207
固定射影,4,混合・補助クラスタ,曖昧天気,86,0.67194444,0.30188328,0.18226151,0.27438657,0.19380207
固定射影,4,混合・補助クラスタ,遠い対照,86,0.14482759,0.0927578,0.08749769,0.27438657,0.19380207
固定射影,4,晴れ中心クラスタ,晴れ未経験,10,0.68863636,0.22121636,0.10116141,0.12005495,0.19380207
固定射影,4,晴れ中心クラスタ,雨未経験,10,1.0,0.07409229,0.26789436,0.12005495,0.19380207
固定射影,4,晴れ中心クラスタ,曖昧天気,10,0.90444444,0.28350241,0.16934914,0.12005495,0.19380207
固定射影,4,晴れ中心クラスタ,遠い対照,10,0.95372051,0.0209366,0.00997145,0.12005495,0.19380207
固定射影,5,無処置,晴れ未経験,0,1.0,0.36322572,0.08883915,0.27438657,0.19380207
固定射影,5,無処置,雨未経験,0,1.0,0.07409229,0.26789436,0.27438657,0.19380207
固定射影,5,無処置,曖昧天気,0,1.0,0.315874,0.16392125,0.27438657,0.19380207
固定射影,5,無処置,遠い対照,0,1.0,0.02598517,0.00979445,0.27438657,0.19380207
固定射影,5,晴れ中心クラスタ,晴れ未経験,32,0.33257576,0.04767267,0.01851247,0.0291602,0.19380207
固定射影,5,晴れ中心クラスタ,雨未経験,32,1.0,0.07409229,0.26789436,0.0291602,0.19380207
固定射影,5,晴れ中心クラスタ,曖昧天気,32,0.28194444,0.0492086,0.02190551,0.0291602,0.19380207
固定射影,5,晴れ中心クラスタ,遠い対照,32,1.0,0.02598517,0.00979445,0.0291602,0.19380207
固定射影,5,混合・補助クラスタ,晴れ未経験,93,0.7280303,0.35431017,0.09471521,0.25959496,0.18639011
固定射影,5,混合・補助クラスタ,雨未経験,93,0.50075758,0.04204025,0.22843036,0.25959496,0.18639011
固定射影,5,混合・補助クラスタ,曖昧天気,93,0.71583333,0.31575883,0.17906941,0.25959496,0.18639011
固定射影,5,混合・補助クラスタ,遠い対照,93,0.14482759,0.0927578,0.08749769,0.25959496,0.18639011
固定射影,5,雨中心クラスタ,晴れ未経験,27,1.0,0.36322572,0.08883915,0.27438657,0.04623265
固定射影,5,雨中心クラスタ,雨未経験,27,0.61590909,0.05298107,0.09921373,0.27438657,0.04623265
固定射影,5,雨中心クラスタ,曖昧天気,27,1.0,0.315874,0.16392125,0.27438657,0.04623265
固定射影,5,雨中心クラスタ,遠い対照,27,1.0,0.02598517,0.00979445,0.27438657,0.04623265
異なる射影,1,無処置,晴れ未経験,0,1.0,0.12782333,0.11537661,0.01244673,0.07418735
異なる射影,1,無処置,雨未経験,0,1.0,0.20062501,0.27481235,0.01244673,0.07418735
異なる射影,1,無処置,曖昧天気,0,1.0,0.20674836,0.27816724,0.01244673,0.07418735
異なる射影,1,無処置,遠い対照,0,1.0,0.05119613,0.07892175,0.01244673,0.07418735
異なる射影,1,混合・補助クラスタ,晴れ未経験,97,0.61142857,0.1293757,0.10214769,0.02722802,0.15345503
異なる射影,1,混合・補助クラスタ,雨未経験,97,0.64208614,0.1325079,0.28596292,0.02722802,0.15345503
異なる射影,1,混合・補助クラスタ,曖昧天気,97,0.78,0.18801336,0.28591881,0.02722802,0.15345503
異なる射影,1,混合・補助クラスタ,遠い対照,97,0.51409314,0.02596782,0.07008116,0.02722802,0.15345503
異なる射影,1,晴れ中心クラスタ,晴れ未経験,14,0.585,0.02780058,0.04402727,-0.01622669,0.10210379
異なる射影,1,晴れ中心クラスタ,雨未経験,14,0.91424494,0.16707095,0.26917473,-0.01622669,0.10210379
異なる射影,1,晴れ中心クラスタ,曖昧天気,14,0.68111111,0.11566162,0.23185619,-0.01622669,0.10210379
異なる射影,1,晴れ中心クラスタ,遠い対照,14,0.78602941,0.00679025,0.06054293,-0.01622669,0.10210379
異なる射影,1,雨中心クラスタ,晴れ未経験,22,0.93357143,0.13023818,0.1057268,0.02451138,-0.05431766
異なる射影,1,雨中心クラスタ,雨未経験,22,0.61878568,0.22713641,0.17281875,0.02451138,-0.05431766
異なる射影,1,雨中心クラスタ,曖昧天気,22,0.71444444,0.20297869,0.20387967,0.02451138,-0.05431766
異なる射影,1,雨中心クラスタ,遠い対照,22,0.68419118,0.0560365,0.03499582,0.02451138,-0.05431766
異なる射影,1,天気共通クラスタ,晴れ未経験,8,1.0,0.12782333,0.11537661,0.01244673,0.05008498
異なる射影,1,天気共通クラスタ,雨未経験,8,0.80518941,0.12918278,0.17926776,0.01244673,0.05008498
異なる射影,1,天気共通クラスタ,曖昧天気,8,0.81222222,0.15035184,0.17601126,0.01244673,0.05008498
異なる射影,1,天気共通クラスタ,遠い対照,8,1.0,0.05119613,0.07892175,0.01244673,0.05008498
異なる射影,2,無処置,晴れ未経験,0,1.0,0.21476403,0.26293965,-0.04817562,0.20834901
異なる射影,2,無処置,雨未経験,0,1.0,0.17017556,0.37852457,-0.04817562,0.20834901
異なる射影,2,無処置,曖昧天気,0,1.0,0.25399915,0.26414199,-0.04817562,0.20834901
異なる射影,2,無処置,遠い対照,0,1.0,0.00786869,0.0158183,-0.04817562,0.20834901
異なる射影,2,混合・補助クラスタ,晴れ未経験,101,0.52093822,0.17982895,0.27103382,-0.09120487,0.1310029
異なる射影,2,混合・補助クラスタ,雨未経験,101,0.51145485,0.14066075,0.27166364,-0.09120487,0.1310029
異なる射影,2,混合・補助クラスタ,曖昧天気,101,0.63560606,0.19110718,0.23002969,-0.09120487,0.1310029
異なる射影,2,混合・補助クラスタ,遠い対照,101,0.16153846,0.03191993,0.02019069,-0.09120487,0.1310029
異なる射影,2,曖昧・橋渡しクラスタ,晴れ未経験,37,0.57797483,0.13470622,0.09095449,0.04375174,0.07421837
異なる射影,2,曖昧・橋渡しクラスタ,雨未経験,37,0.51952341,0.0685081,0.14272647,0.04375174,0.07421837
異なる射影,2,曖昧・橋渡しクラスタ,曖昧天気,37,0.31287879,0.06442904,0.03804433,0.04375174,0.07421837
異なる射影,2,曖昧・橋渡しクラスタ,遠い対照,37,1.0,0.00786869,0.0158183,0.04375174,0.07421837
異なる射影,3,無処置,晴れ未経験,0,1.0,0.18633788,0.08844605,0.09789182,0.15214513
異なる射影,3,無処置,雨未経験,0,1.0,0.10070874,0.25285387,0.09789182,0.15214513
異なる射影,3,無処置,曖昧天気,0,1.0,0.11293899,0.18506385,0.09789182,0.15214513
異なる射影,3,無処置,遠い対照,0,1.0,0.04111208,0.05773181,0.09789182,0.15214513
異なる射影,3,混合・補助クラスタ,晴れ未経験,106,0.59621212,0.1790664,0.08756058,0.09150583,0.06818959
異なる射影,3,混合・補助クラスタ,雨未経験,106,0.35227273,0.07866731,0.1468569,0.09150583,0.06818959
異なる射影,3,混合・補助クラスタ,曖昧天気,106,0.59862069,0.11592905,0.18246871,0.09150583,0.06818959
異なる射影,3,混合・補助クラスタ,遠い対照,106,0.2715971,0.02520193,0.0283643,0.09150583,0.06818959
異なる射影,3,晴れ中心クラスタ,晴れ未経験,37,0.50378788,0.04418282,0.02190193,0.02228088,0.15214513
異なる射影,3,晴れ中心クラスタ,雨未経験,37,1.0,0.10070874,0.25285387,0.02228088,0.15214513
異なる射影,3,晴れ中心クラスタ,曖昧天気,37,0.84793103,0.09446194,0.17083057,0.02228088,0.15214513
異なる射影,3,晴れ中心クラスタ,遠い対照,37,0.826951,0.02684993,0.03492249,0.02228088,0.15214513
異なる射影,3,雨中心クラスタ,晴れ未経験,11,1.0,0.18633788,0.08844605,0.09789182,0.0867977
異なる射影,3,雨中心クラスタ,雨未経験,11,0.77022727,0.05541614,0.14221384,0.09789182,0.0867977
異なる射影,3,雨中心クラスタ,曖昧天気,11,0.67344828,0.04785396,0.06027755,0.09789182,0.0867977
異なる射影,3,雨中心クラスタ,遠い対照,11,1.0,0.04111208,0.05773181,0.09789182,0.0867977
異なる射影,4,無処置,晴れ未経験,0,1.0,0.40288757,0.29686014,0.10602743,0.07732313
異なる射影,4,無処置,雨未経験,0,1.0,0.25555931,0.33288245,0.10602743,0.07732313
異なる射影,4,無処置,曖昧天気,0,1.0,0.09622837,0.2003775,0.10602743,0.07732313
異なる射影,4,無処置,遠い対照,0,1.0,0.04768572,0.0,0.10602743,0.07732313
異なる射影,4,雨中心クラスタ,晴れ未経験,46,0.94095395,0.40288757,0.28194353,0.12094404,0.03066832
異なる射影,4,雨中心クラスタ,雨未経験,46,0.67464132,0.25890337,0.28957169,0.12094404,0.03066832
異なる射影,4,雨中心クラスタ,曖昧天気,46,0.240983,0.07492242,0.07849695,0.12094404,0.03066832
異なる射影,4,雨中心クラスタ,遠い対照,46,0.89760349,0.04768572,0.0,0.12094404,0.03066832
異なる射影,4,混合・補助クラスタ,晴れ未経験,83,0.80254934,0.37757903,0.30537488,0.07220415,0.08018165
異なる射影,4,混合・補助クラスタ,雨未経験,83,0.84261119,0.23773833,0.31791997,0.07220415,0.08018165
異なる射影,4,混合・補助クラスタ,曖昧天気,83,0.91529933,0.08247442,0.18788655,0.07220415,0.08018165
異なる射影,4,混合・補助クラスタ,遠い対照,83,0.283878,0.00805808,0.0,0.07220415,0.08018165
異なる射影,4,天気共通クラスタ,晴れ未経験,23,0.37623355,0.07425968,0.04623162,0.02802806,0.04718413
異なる射影,4,天気共通クラスタ,雨未経験,23,0.59167862,0.0666168,0.11380093,0.02802806,0.04718413
異なる射影,4,天気共通クラスタ,曖昧天気,23,0.88706578,0.04185125,0.14987673,0.02802806,0.04718413
異なる射影,4,天気共通クラスタ,遠い対照,23,1.0,0.04768572,0.0,0.02802806,0.04718413
異なる射影,5,無処置,晴れ未経験,0,1.0,0.33750337,0.21439986,0.12310351,0.04569395
異なる射影,5,無処置,雨未経験,0,1.0,0.27001673,0.31571068,0.12310351,0.04569395
異なる射影,5,無処置,曖昧天気,0,1.0,0.39093447,0.31016475,0.12310351,0.04569395
異なる射影,5,無処置,遠い対照,0,1.0,0.11861141,0.06282642,0.12310351,0.04569395
異なる射影,5,雨中心クラスタ,晴れ未経験,21,1.0,0.33750337,0.21439986,0.12310351,0.0114731
異なる射影,5,雨中心クラスタ,雨未経験,21,0.87861111,0.27137498,0.28284808,0.12310351,0.0114731
異なる射影,5,雨中心クラスタ,曖昧天気,21,0.954154,0.40337225,0.30880585,0.12310351,0.0114731
異なる射影,5,雨中心クラスタ,遠い対照,21,1.0,0.11861141,0.06282642,0.12310351,0.0114731
異なる射影,5,晴れ中心クラスタ,晴れ未経験,20,0.60773366,0.16602245,0.15023909,0.01578336,0.06395652
異なる射影,5,晴れ中心クラスタ,雨未経験,20,0.97416667,0.25517804,0.31913456,0.01578336,0.06395652
異なる射影,5,晴れ中心クラスタ,曖昧天気,20,0.69397163,0.23144653,0.26422942,0.01578336,0.06395652
異なる射影,5,晴れ中心クラスタ,遠い対照,20,0.92878788,0.10020457,0.05223231,0.01578336,0.06395652
異なる射影,5,混合・補助クラスタ,晴れ未経験,68,0.62870141,0.25141368,0.20987096,0.04154272,0.03466051
異なる射影,5,混合・補助クラスタ,雨未経験,68,0.59194444,0.2501708,0.28483132,0.04154272,0.03466051
異なる射影,5,混合・補助クラスタ,曖昧天気,68,0.71631206,0.39005082,0.29979106,0.04154272,0.03466051
異なる射影,5,混合・補助クラスタ,遠い対照,68,0.22348485,0.07190827,0.05996585,0.04154272,0.03466051
異なる射影,5,天気共通クラスタ,晴れ未経験,14,0.73949545,0.22615829,0.09659148,0.12956681,0.01793267
異なる射影,5,天気共通クラスタ,雨未経験,14,0.65388889,0.09189698,0.10982966,0.12956681,0.01793267
異なる射影,5,天気共通クラスタ,曖昧天気,14,0.74726444,0.22810992,0.13650829,0.12956681,0.01793267
異なる射影,5,天気共通クラスタ,遠い対照,14,0.96439394,0.1037049,0.04791348,0.12956681,0.01793267
