group,trial,condition,label,cut_edges,retention
固定射影,1,無処置,晴れ未経験,0,1.0
固定射影,1,無処置,雨未経験,0,1.0
固定射影,1,無処置,曖昧天気,0,1.0
固定射影,1,無処置,遠い対照,0,1.0
固定射影,1,晴れ中心型,晴れ未経験,42,0.4083333333333333
固定射影,1,晴れ中心型,雨未経験,42,1.0
固定射影,1,晴れ中心型,曖昧天気,42,0.5686111111111112
固定射影,1,晴れ中心型,遠い対照,42,1.0
固定射影,1,混合補助型,晴れ未経験,48,0.8598484848484849
固定射影,1,混合補助型,雨未経験,48,1.0
固定射影,1,混合補助型,曖昧天気,48,0.7236111111111111
固定射影,1,混合補助型,遠い対照,48,0.14482758620689654
固定射影,1,橋渡し型,晴れ未経験,10,0.9242424242424243
固定射影,1,橋渡し型,雨未経験,10,1.0
固定射影,1,橋渡し型,曖昧天気,10,0.7494444444444444
固定射影,1,橋渡し型,遠い対照,10,1.0
固定射影,1,雨中心型,晴れ未経験,52,0.8681818181818182
固定射影,1,雨中心型,雨未経験,52,0.125
固定射影,1,雨中心型,曖昧天気,52,1.0
固定射影,1,雨中心型,遠い対照,52,0.9537205081669692
固定射影,2,無処置,晴れ未経験,0,1.0
固定射影,2,無処置,雨未経験,0,1.0
固定射影,2,無処置,曖昧天気,0,1.0
固定射影,2,無処置,遠い対照,0,1.0
固定射影,2,晴れ中心型,晴れ未経験,57,0.1446969696969697
固定射影,2,晴れ中心型,雨未経験,57,0.8681818181818182
固定射影,2,晴れ中心型,曖昧天気,57,0.3775
固定射影,2,晴れ中心型,遠い対照,57,1.0
固定射影,2,橋渡し型,晴れ未経験,13,0.9439393939393941
固定射影,2,橋渡し型,雨未経験,13,1.0
固定射影,2,橋渡し型,曖昧天気,13,0.6719444444444445
固定射影,2,橋渡し型,遠い対照,13,1.0
固定射影,2,混合補助型,晴れ未経験,60,0.9719696969696969
固定射影,2,混合補助型,雨未経験,60,0.7560606060606061
固定射影,2,混合補助型,曖昧天気,60,1.0
固定射影,2,混合補助型,遠い対照,60,0.14482758620689654
固定射影,2,雨中心型,晴れ未経験,22,1.0
固定射影,2,雨中心型,雨未経験,22,0.48409090909090907
固定射影,2,雨中心型,曖昧天気,22,1.0
固定射影,2,雨中心型,遠い対照,22,1.0
固定射影,3,無処置,晴れ未経験,0,1.0
固定射影,3,無処置,雨未経験,0,1.0
固定射影,3,無処置,曖昧天気,0,1.0
固定射影,3,無処置,遠い対照,0,1.0
固定射影,3,晴れ中心型,晴れ未経験,44,0.3606060606060606
固定射影,3,晴れ中心型,雨未経験,44,1.0
固定射影,3,晴れ中心型,曖昧天気,44,0.3775
固定射影,3,晴れ中心型,遠い対照,44,1.0
固定射影,3,橋渡し型,晴れ未経験,18,0.9439393939393941
固定射影,3,橋渡し型,雨未経験,18,1.0
固定射影,3,橋渡し型,曖昧天気,18,0.5505555555555556
固定射影,3,橋渡し型,遠い対照,18,1.0
固定射影,3,混合補助型,晴れ未経験,75,0.7560606060606061
固定射影,3,混合補助型,雨未経験,75,0.5287878787878788
固定射影,3,混合補助型,曖昧天気,75,1.0
固定射影,3,混合補助型,遠い対照,75,0.14482758620689654
固定射影,3,雨中心型,晴れ未経験,15,1.0
固定射影,3,雨中心型,雨未経験,15,0.5962121212121212
固定射影,3,雨中心型,曖昧天気,15,1.0
固定射影,3,雨中心型,遠い対照,15,1.0
固定射影,4,無処置,晴れ未経験,0,1.0
固定射影,4,無処置,雨未経験,0,1.0
固定射影,4,無処置,曖昧天気,0,1.0
固定射影,4,無処置,遠い対照,0,1.0
固定射影,4,晴れ中心型,晴れ未経験,51,0.3606060606060606
固定射影,4,晴れ中心型,雨未経験,51,1.0
固定射影,4,晴れ中心型,曖昧天気,51,0.3258333333333333
固定射影,4,晴れ中心型,遠い対照,51,1.0
固定射影,4,橋渡し型,晴れ未経験,17,0.7757575757575758
固定射影,4,橋渡し型,雨未経験,17,0.915909090909091
固定射影,4,橋渡し型,曖昧天気,17,0.7236111111111111
固定射影,4,橋渡し型,遠い対照,17,1.0
固定射影,4,雨中心型,晴れ未経験,55,0.9522727272727274
固定射影,4,雨中心型,雨未経験,55,0.1924242424242424
固定射影,4,雨中心型,曖昧天気,55,1.0
固定射影,4,雨中心型,遠い対照,55,1.0
固定射影,4,混合補助型,晴れ未経験,29,0.9719696969696969
固定射影,4,混合補助型,雨未経験,29,1.0
固定射影,4,混合補助型,曖昧天気,29,1.0
固定射影,4,混合補助型,遠い対照,29,0.14482758620689654
固定射影,5,無処置,晴れ未経験,0,1.0
固定射影,5,無処置,雨未経験,0,1.0
固定射影,5,無処置,曖昧天気,0,1.0
固定射影,5,無処置,遠い対照,0,1.0
固定射影,5,晴れ中心型,晴れ未経験,52,0.1446969696969697
固定射影,5,晴れ中心型,雨未経験,52,0.8681818181818182
固定射影,5,晴れ中心型,曖昧天気,52,0.3775
固定射影,5,晴れ中心型,遠い対照,52,1.0
固定射影,5,橋渡し型,晴れ未経験,18,0.9439393939393941
固定射影,5,橋渡し型,雨未経験,18,1.0
固定射影,5,橋渡し型,曖昧天気,18,0.5505555555555556
固定射影,5,橋渡し型,遠い対照,18,1.0
固定射影,5,雨中心型,晴れ未経験,24,1.0
固定射影,5,雨中心型,雨未経験,24,0.4083333333333333
固定射影,5,雨中心型,曖昧天気,24,1.0
固定射影,5,雨中心型,遠い対照,24,1.0
固定射影,5,混合補助型,晴れ未経験,58,0.9719696969696969
固定射影,5,混合補助型,雨未経験,58,0.8318181818181818
固定射影,5,混合補助型,曖昧天気,58,1.0
固定射影,5,混合補助型,遠い対照,58,0.14482758620689654
固定射影,6,無処置,晴れ未経験,0,1.0
固定射影,6,無処置,雨未経験,0,1.0
固定射影,6,無処置,曖昧天気,0,1.0
固定射影,6,無処置,遠い対照,0,1.0
固定射影,6,晴れ中心型,晴れ未経験,75,0.2765151515151515
固定射影,6,晴れ中心型,雨未経験,75,1.0
固定射影,6,晴れ中心型,曖昧天気,75,0.1011111111111111
固定射影,6,晴れ中心型,遠い対照,75,1.0
固定射影,6,雨中心型,晴れ未経験,45,1.0
固定射影,6,雨中心型,雨未経験,45,0.48409090909090907
固定射影,6,雨中心型,曖昧天気,45,1.0
固定射影,6,雨中心型,遠い対照,45,0.9537205081669692
固定射影,6,混合補助型,晴れ未経験,32,0.8401515151515151
固定射影,6,混合補助型,雨未経験,32,0.6325757575757576
固定射影,6,混合補助型,曖昧天気,32,1.0
固定射影,6,混合補助型,遠い対照,32,0.14482758620689654
異なる射影,1,無処置,晴れ未経験,0,1.0
異なる射影,1,無処置,雨未経験,0,1.0
異なる射影,1,無処置,曖昧天気,0,1.0
異なる射影,1,無処置,遠い対照,0,1.0
異なる射影,1,汎用型,晴れ未経験,14,0.585
異なる射影,1,汎用型,雨未経験,14,0.9142449403217436
異なる射影,1,汎用型,曖昧天気,14,0.6980861244019139
異なる射影,1,汎用型,遠い対照,14,0.786029411764706
異なる射影,1,混合補助型,晴れ未経験,39,1.0
異なる射影,1,混合補助型,雨未経験,39,0.9766995329527763
異なる射影,1,混合補助型,曖昧天気,39,0.9749401913875598
異なる射影,1,混合補助型,遠い対照,39,0.5514705882352942
異なる射影,1,雨中心型,晴れ未経験,31,1.0
異なる射影,1,雨中心型,雨未経験,31,0.2608718214841723
異なる射影,1,雨中心型,曖昧天気,31,0.682177033492823
異なる射影,1,雨中心型,遠い対照,31,0.6841911764705881
異なる射影,1,晴れ中心型,晴れ未経験,42,0.5449999999999999
異なる射影,1,晴れ中心型,雨未経験,42,0.8834976647638817
異なる射影,1,晴れ中心型,曖昧天気,42,0.9248205741626794
異なる射影,1,晴れ中心型,遠い対照,42,1.0
異なる射影,1,橋渡し型,晴れ未経験,15,1.0
異なる射影,1,橋渡し型,雨未経験,15,1.0
異なる射影,1,橋渡し型,曖昧天気,15,0.7824162679425838
異なる射影,1,橋渡し型,遠い対照,15,1.0
異なる射影,2,無処置,晴れ未経験,0,1.0
異なる射影,2,無処置,雨未経験,0,1.0
異なる射影,2,無処置,曖昧天気,0,1.0
異なる射影,2,無処置,遠い対照,0,1.0
異なる射影,2,橋渡し型,晴れ未経験,30,0.6939359267734555
異なる射影,2,橋渡し型,雨未経験,30,0.7146739130434783
異なる射影,2,橋渡し型,曖昧天気,30,0.31287878787878787
異なる射影,2,橋渡し型,遠い対照,30,1.0
異なる射影,2,雨中心型,晴れ未経験,29,0.8346109839816933
異なる射影,2,雨中心型,雨未経験,29,0.41387959866220736
異なる射影,2,雨中心型,曖昧天気,29,1.0
異なる射影,2,雨中心型,遠い対照,29,1.0
異なる射影,2,混合補助型,晴れ未経験,79,0.5209382151029749
異なる射影,2,混合補助型,雨未経験,79,0.9232859531772575
異なる射影,2,混合補助型,曖昧天気,79,0.6356060606060606
異なる射影,2,混合補助型,遠い対照,79,0.16153846153846155
異なる射影,3,無処置,晴れ未経験,0,1.0
異なる射影,3,無処置,雨未経験,0,1.0
異なる射影,3,無処置,曖昧天気,0,1.0
異なる射影,3,無処置,遠い対照,0,1.0
異なる射影,3,雨中心型,晴れ未経験,43,0.9719696969696969
異なる射影,3,雨中心型,雨未経験,43,0.31287878787878787
異なる射影,3,雨中心型,曖昧天気,43,0.673448275862069
異なる射影,3,雨中心型,遠い対照,43,0.9074410163339384
異なる射影,3,混合補助型,晴れ未経験,85,0.3803030303030303
異なる射影,3,混合補助型,雨未経験,85,0.8096212121212121
異なる射影,3,混合補助型,曖昧天気,85,0.8479310344827585
異なる射影,3,混合補助型,遠い対照,85,0.24945553539019966
異なる射影,3,橋渡し型,晴れ未経験,13,0.9719696969696969
異なる射影,3,橋渡し型,雨未経験,13,1.0
異なる射影,3,橋渡し型,曖昧天気,13,0.5986206896551725
異なる射影,3,橋渡し型,遠い対照,13,0.9537205081669692
異なる射影,3,晴れ中心型,晴れ未経験,13,0.7196969696969697
異なる射影,3,晴れ中心型,雨未経験,13,1.0
異なる射影,3,晴れ中心型,曖昧天気,13,1.0
異なる射影,3,晴れ中心型,遠い対照,13,1.0
異なる射影,4,無処置,晴れ未経験,0,1.0
異なる射影,4,無処置,雨未経験,0,1.0
異なる射影,4,無処置,曖昧天気,0,1.0
異なる射影,4,無処置,遠い対照,0,1.0
異なる射影,4,混合補助型,晴れ未経験,126,0.7435032894736842
異なる射影,4,混合補助型,雨未経験,126,0.5916786226685796
異なる射影,4,混合補助型,曖昧天気,126,0.3171470805617147
異なる射影,4,混合補助型,遠い対照,126,0.18148148148148147
異なる射影,4,天気共通型,晴れ未経験,26,0.376233552631579
異なる射影,4,天気共通型,雨未経験,26,0.4895982783357245
異なる射影,4,天気共通型,曖昧天気,26,0.7826681448632669
異なる射影,4,天気共通型,遠い対照,26,1.0
異なる射影,5,無処置,晴れ未経験,0,1.0
異なる射影,5,無処置,雨未経験,0,1.0
異なる射影,5,無処置,曖昧天気,0,1.0
異なる射影,5,無処置,遠い対照,0,1.0
異なる射影,5,混合補助型,晴れ未経験,95,0.628701406120761
異なる射影,5,混合補助型,雨未経験,95,0.4369444444444444
異なる射影,5,混合補助型,曖昧天気,95,0.6704660587639311
異なる射影,5,混合補助型,遠い対照,95,0.22348484848484848
異なる射影,5,晴れ中心型,晴れ未経験,28,0.34722911497105047
異なる射影,5,晴れ中心型,雨未経験,28,0.653888888888889
異なる射影,5,晴れ中心型,曖昧天気,28,0.4412360688956434
異なる射影,5,晴れ中心型,遠い対照,28,0.8931818181818181
異なる射影,6,無処置,晴れ未経験,0,1.0
異なる射影,6,無処置,雨未経験,0,1.0
異なる射影,6,無処置,曖昧天気,0,1.0
異なる射影,6,無処置,遠い対照,0,1.0
異なる射影,6,混合補助型,晴れ未経験,106,0.8415691489361702
異なる射影,6,混合補助型,雨未経験,106,0.5036616161616161
異なる射影,6,混合補助型,曖昧天気,106,0.5640243902439024
異なる射影,6,混合補助型,遠い対照,106,0.13275862068965516
異なる射影,6,橋渡し型,晴れ未経験,33,0.26268617021276597
異なる射影,6,橋渡し型,雨未経験,33,0.6156565656565657
異なる射影,6,橋渡し型,曖昧天気,33,0.5374322493224932
異なる射影,6,橋渡し型,遠い対照,33,1.0
