group,trial,projection_seed,condition,label,text,ablated_edge_count,node_count,edge_count,node_retention,edge_retention,route_retention,train_similar_overlap,train_unrelated_overlap,similar_unrelated_overlap
固定射影,1,20260804,無処置,学習文,今日は晴れて気持ちいい,0,45,36,1.0,1.0,1.0,0.33662132,0.05158119,0.05789561
固定射影,1,20260804,無処置,類似文,今日の天気は最高だ,0,38,30,1.0,1.0,1.0,0.33662132,0.05158119,0.05789561
固定射影,1,20260804,無処置,無関係文,犬は公園を走っている,0,29,20,1.0,1.0,1.0,0.33662132,0.05158119,0.05789561
固定射影,1,20260804,学習・類似共有Edge,学習文,今日は晴れて気持ちいい,14,36,27,0.58823529,0.5,0.53088235,0.19028067,0.06125367,0.07754525
固定射影,1,20260804,学習・類似共有Edge,類似文,今日の天気は最高だ,14,26,17,0.48837209,0.30555556,0.36954134,0.19028067,0.06125367,0.07754525
固定射影,1,20260804,学習・類似共有Edge,無関係文,犬は公園を走っている,14,29,20,1.0,1.0,1.0,0.19028067,0.06125367,0.07754525
固定射影,1,20260804,全共有幹線Edge,学習文,今日は晴れて気持ちいい,3,46,36,0.89583333,0.84615385,0.86354167,0.3216199,0.0562369,0.04381342
固定射影,1,20260804,全共有幹線Edge,類似文,今日の天気は最高だ,3,38,29,0.9,0.84375,0.8634375,0.3216199,0.0562369,0.04381342
固定射影,1,20260804,全共有幹線Edge,無関係文,犬は公園を走っている,3,30,20,0.84375,0.73913043,0.77574728,0.3216199,0.0562369,0.04381342
固定射影,1,20260804,無関係文専用Edge,学習文,今日は晴れて気持ちいい,17,45,36,1.0,1.0,1.0,0.32435897,0.0525,0.05677885
固定射影,1,20260804,無関係文専用Edge,類似文,今日の天気は最高だ,17,40,32,0.95,0.9375,0.941875,0.32435897,0.0525,0.05677885
固定射影,1,20260804,無関係文専用Edge,無関係文,犬は公園を走っている,17,28,19,0.3255814,0.08333333,0.16812016,0.32435897,0.0525,0.05677885
固定射影,1,20260804,ランダム同数Edge,学習文,今日は晴れて気持ちいい,14,45,36,1.0,1.0,1.0,0.33662132,0.05158119,0.05789561
固定射影,1,20260804,ランダム同数Edge,類似文,今日の天気は最高だ,14,38,30,0.94871795,0.93548387,0.9401158,0.33662132,0.05158119,0.05789561
固定射影,1,20260804,ランダム同数Edge,無関係文,犬は公園を走っている,14,29,20,1.0,1.0,1.0,0.33662132,0.05158119,0.05789561
固定射影,2,20260804,無処置,学習文,今日は晴れて気持ちいい,0,45,36,1.0,1.0,1.0,0.32435897,0.05158119,0.05570501
固定射影,2,20260804,無処置,類似文,今日の天気は最高だ,0,40,32,1.0,1.0,1.0,0.32435897,0.05158119,0.05570501
固定射影,2,20260804,無処置,無関係文,犬は公園を走っている,0,29,20,1.0,1.0,1.0,0.32435897,0.05158119,0.05570501
固定射影,2,20260804,学習・類似共有Edge,学習文,今日は晴れて気持ちいい,14,36,27,0.58823529,0.5,0.53088235,0.2,0.06125367,0.0819375
固定射影,2,20260804,学習・類似共有Edge,類似文,今日の天気は最高だ,14,24,15,0.48837209,0.30555556,0.36954134,0.2,0.06125367,0.0819375
固定射影,2,20260804,学習・類似共有Edge,無関係文,犬は公園を走っている,14,29,20,1.0,1.0,1.0,0.2,0.06125367,0.0819375
固定射影,2,20260804,全共有幹線Edge,学習文,今日は晴れて気持ちいい,3,46,36,0.89583333,0.84615385,0.86354167,0.3216199,0.0562369,0.04381342
固定射影,2,20260804,全共有幹線Edge,類似文,今日の天気は最高だ,3,38,29,0.85714286,0.79411765,0.81617647,0.3216199,0.0562369,0.04381342
固定射影,2,20260804,全共有幹線Edge,無関係文,犬は公園を走っている,3,30,20,0.84375,0.73913043,0.77574728,0.3216199,0.0562369,0.04381342
固定射影,2,20260804,無関係文専用Edge,学習文,今日は晴れて気持ちいい,17,45,36,1.0,1.0,1.0,0.33662132,0.0525,0.05905797
固定射影,2,20260804,無関係文専用Edge,類似文,今日の天気は最高だ,17,38,30,0.95,0.9375,0.941875,0.33662132,0.0525,0.05905797
固定射影,2,20260804,無関係文専用Edge,無関係文,犬は公園を走っている,17,28,19,0.3255814,0.08333333,0.16812016,0.33662132,0.0525,0.05905797
固定射影,2,20260804,ランダム同数Edge,学習文,今日は晴れて気持ちいい,14,44,35,0.97777778,0.97222222,0.97416667,0.34311156,0.0525,0.05789561
固定射影,2,20260804,ランダム同数Edge,類似文,今日の天気は最高だ,14,38,30,0.95,0.9375,0.941875,0.34311156,0.0525,0.05789561
固定射影,2,20260804,ランダム同数Edge,無関係文,犬は公園を走っている,14,29,20,1.0,1.0,1.0,0.34311156,0.0525,0.05789561
固定射影,3,20260804,無処置,学習文,今日は晴れて気持ちいい,0,45,36,1.0,1.0,1.0,0.33662132,0.05158119,0.05789561
固定射影,3,20260804,無処置,類似文,今日の天気は最高だ,0,38,30,1.0,1.0,1.0,0.33662132,0.05158119,0.05789561
固定射影,3,20260804,無処置,無関係文,犬は公園を走っている,0,29,20,1.0,1.0,1.0,0.33662132,0.05158119,0.05789561
固定射影,3,20260804,学習・類似共有Edge,学習文,今日は晴れて気持ちいい,14,36,27,0.58823529,0.5,0.53088235,0.2,0.06125367,0.0819375
固定射影,3,20260804,学習・類似共有Edge,類似文,今日の天気は最高だ,14,24,15,0.51219512,0.32352941,0.38956241,0.2,0.06125367,0.0819375
固定射影,3,20260804,学習・類似共有Edge,無関係文,犬は公園を走っている,14,29,20,1.0,1.0,1.0,0.2,0.06125367,0.0819375
固定射影,3,20260804,全共有幹線Edge,学習文,今日は晴れて気持ちいい,3,46,36,0.89583333,0.84615385,0.86354167,0.30998217,0.0562369,0.04220225
固定射影,3,20260804,全共有幹線Edge,類似文,今日の天気は最高だ,3,40,31,0.85714286,0.79411765,0.81617647,0.30998217,0.0562369,0.04220225
固定射影,3,20260804,全共有幹線Edge,無関係文,犬は公園を走っている,3,30,20,0.84375,0.73913043,0.77574728,0.30998217,0.0562369,0.04220225
固定射影,3,20260804,無関係文専用Edge,学習文,今日は晴れて気持ちいい,17,45,36,1.0,1.0,1.0,0.32435897,0.0525,0.05677885
固定射影,3,20260804,無関係文専用Edge,類似文,今日の天気は最高だ,17,40,32,0.95,0.9375,0.941875,0.32435897,0.0525,0.05677885
固定射影,3,20260804,無関係文専用Edge,無関係文,犬は公園を走っている,17,28,19,0.3255814,0.08333333,0.16812016,0.32435897,0.0525,0.05677885
固定射影,3,20260804,ランダム同数Edge,学習文,今日は晴れて気持ちいい,14,44,35,0.89361702,0.86842105,0.87723964,0.32853466,0.0525,0.06
固定射影,3,20260804,ランダム同数Edge,類似文,今日の天気は最高だ,14,37,28,0.92307692,0.87096774,0.88920596,0.32853466,0.0525,0.06
固定射影,3,20260804,ランダム同数Edge,無関係文,犬は公園を走っている,14,29,20,1.0,1.0,1.0,0.32853466,0.0525,0.06
固定射影,4,20260804,無処置,学習文,今日は晴れて気持ちいい,0,45,36,1.0,1.0,1.0,0.33662132,0.05158119,0.05789561
固定射影,4,20260804,無処置,類似文,今日の天気は最高だ,0,38,30,1.0,1.0,1.0,0.33662132,0.05158119,0.05789561
固定射影,4,20260804,無処置,無関係文,犬は公園を走っている,0,29,20,1.0,1.0,1.0,0.33662132,0.05158119,0.05789561
固定射影,4,20260804,学習・類似共有Edge,学習文,今日は晴れて気持ちいい,14,36,27,0.58823529,0.5,0.53088235,0.19028067,0.06125367,0.07754525
固定射影,4,20260804,学習・類似共有Edge,類似文,今日の天気は最高だ,14,26,17,0.48837209,0.30555556,0.36954134,0.19028067,0.06125367,0.07754525
固定射影,4,20260804,学習・類似共有Edge,無関係文,犬は公園を走っている,14,29,20,1.0,1.0,1.0,0.19028067,0.06125367,0.07754525
固定射影,4,20260804,全共有幹線Edge,学習文,今日は晴れて気持ちいい,3,46,36,0.89583333,0.84615385,0.86354167,0.30998217,0.0562369,0.04220225
固定射影,4,20260804,全共有幹線Edge,類似文,今日の天気は最高だ,3,40,31,0.85714286,0.79411765,0.81617647,0.30998217,0.0562369,0.04220225
固定射影,4,20260804,全共有幹線Edge,無関係文,犬は公園を走っている,3,30,20,0.84375,0.73913043,0.77574728,0.30998217,0.0562369,0.04220225
固定射影,4,20260804,無関係文専用Edge,学習文,今日は晴れて気持ちいい,17,45,36,1.0,1.0,1.0,0.33662132,0.0525,0.05905797
固定射影,4,20260804,無関係文専用Edge,類似文,今日の天気は最高だ,17,38,30,1.0,1.0,1.0,0.33662132,0.0525,0.05905797
固定射影,4,20260804,無関係文専用Edge,無関係文,犬は公園を走っている,17,28,19,0.3255814,0.08333333,0.16812016,0.33662132,0.0525,0.05905797
固定射影,4,20260804,ランダム同数Edge,学習文,今日は晴れて気持ちいい,14,45,36,1.0,1.0,1.0,0.33662132,0.05158119,0.05789561
固定射影,4,20260804,ランダム同数Edge,類似文,今日の天気は最高だ,14,38,30,1.0,1.0,1.0,0.33662132,0.05158119,0.05789561
固定射影,4,20260804,ランダム同数Edge,無関係文,犬は公園を走っている,14,29,20,1.0,1.0,1.0,0.33662132,0.05158119,0.05789561
固定射影,5,20260804,無処置,学習文,今日は晴れて気持ちいい,0,45,36,1.0,1.0,1.0,0.33662132,0.05158119,0.05789561
固定射影,5,20260804,無処置,類似文,今日の天気は最高だ,0,38,30,1.0,1.0,1.0,0.33662132,0.05158119,0.05789561
固定射影,5,20260804,無処置,無関係文,犬は公園を走っている,0,29,20,1.0,1.0,1.0,0.33662132,0.05158119,0.05789561
固定射影,5,20260804,学習・類似共有Edge,学習文,今日は晴れて気持ちいい,14,36,27,0.58823529,0.5,0.53088235,0.2,0.06125367,0.0819375
固定射影,5,20260804,学習・類似共有Edge,類似文,今日の天気は最高だ,14,24,15,0.51219512,0.32352941,0.38956241,0.2,0.06125367,0.0819375
固定射影,5,20260804,学習・類似共有Edge,無関係文,犬は公園を走っている,14,29,20,1.0,1.0,1.0,0.2,0.06125367,0.0819375
固定射影,5,20260804,全共有幹線Edge,学習文,今日は晴れて気持ちいい,3,46,36,0.89583333,0.84615385,0.86354167,0.3216199,0.0562369,0.04381342
固定射影,5,20260804,全共有幹線Edge,類似文,今日の天気は最高だ,3,38,29,0.9,0.84375,0.8634375,0.3216199,0.0562369,0.04381342
固定射影,5,20260804,全共有幹線Edge,無関係文,犬は公園を走っている,3,30,20,0.84375,0.73913043,0.77574728,0.3216199,0.0562369,0.04381342
固定射影,5,20260804,無関係文専用Edge,学習文,今日は晴れて気持ちいい,17,45,36,1.0,1.0,1.0,0.33662132,0.0525,0.05905797
固定射影,5,20260804,無関係文専用Edge,類似文,今日の天気は最高だ,17,38,30,1.0,1.0,1.0,0.33662132,0.0525,0.05905797
固定射影,5,20260804,無関係文専用Edge,無関係文,犬は公園を走っている,17,28,19,0.3255814,0.08333333,0.16812016,0.33662132,0.0525,0.05905797
固定射影,5,20260804,ランダム同数Edge,学習文,今日は晴れて気持ちいい,14,45,36,1.0,1.0,1.0,0.33662132,0.05158119,0.05789561
固定射影,5,20260804,ランダム同数Edge,類似文,今日の天気は最高だ,14,38,30,1.0,1.0,1.0,0.33662132,0.05158119,0.05789561
固定射影,5,20260804,ランダム同数Edge,無関係文,犬は公園を走っている,14,29,20,1.0,1.0,1.0,0.33662132,0.05158119,0.05789561
異なる射影,1,20261813,無処置,学習文,今日は晴れて気持ちいい,0,41,34,1.0,1.0,1.0,0.24282787,0.09542484,0.01129032
異なる射影,1,20261813,無処置,類似文,今日の天気は最高だ,0,34,26,1.0,1.0,1.0,0.24282787,0.09542484,0.01129032
異なる射影,1,20261813,無処置,無関係文,犬は公園を走っている,0,30,21,1.0,1.0,1.0,0.24282787,0.09542484,0.01129032
異なる射影,1,20261813,学習・類似共有Edge,学習文,今日は晴れて気持ちいい,12,37,28,0.69565217,0.51219512,0.57640509,0.11340125,0.11469697,0.01206897
異なる射影,1,20261813,学習・類似共有Edge,類似文,今日の天気は最高だ,12,30,20,0.68421053,0.4375,0.52384868,0.11340125,0.11469697,0.01206897
異なる射影,1,20261813,学習・類似共有Edge,無関係文,犬は公園を走っている,12,30,21,1.0,1.0,1.0,0.11340125,0.11469697,0.01206897
異なる射影,1,20261813,全共有幹線Edge,学習文,今日は晴れて気持ちいい,0,41,34,1.0,1.0,1.0,0.24282787,0.09542484,0.01129032
異なる射影,1,20261813,全共有幹線Edge,類似文,今日の天気は最高だ,0,34,26,1.0,1.0,1.0,0.24282787,0.09542484,0.01129032
異なる射影,1,20261813,全共有幹線Edge,無関係文,犬は公園を走っている,0,30,21,1.0,1.0,1.0,0.24282787,0.09542484,0.01129032
異なる射影,1,20261813,無関係文専用Edge,学習文,今日は晴れて気持ちいい,17,41,35,1.0,0.97142857,0.98142857,0.23951154,0.20724323,0.11083208
異なる射影,1,20261813,無関係文専用Edge,類似文,今日の天気は最高だ,17,34,26,1.0,1.0,1.0,0.23951154,0.20724323,0.11083208
異なる射影,1,20261813,無関係文専用Edge,無関係文,犬は公園を走っている,17,33,24,0.3125,0.09756098,0.17278963,0.23951154,0.20724323,0.11083208
異なる射影,1,20261813,ランダム同数Edge,学習文,今日は晴れて気持ちいい,12,41,34,1.0,1.0,1.0,0.24282787,0.09542484,0.01129032
異なる射影,1,20261813,ランダム同数Edge,類似文,今日の天気は最高だ,12,34,26,1.0,1.0,1.0,0.24282787,0.09542484,0.01129032
異なる射影,1,20261813,ランダム同数Edge,無関係文,犬は公園を走っている,12,30,21,1.0,1.0,1.0,0.24282787,0.09542484,0.01129032
異なる射影,2,20262822,無処置,学習文,今日は晴れて気持ちいい,0,45,37,1.0,1.0,1.0,0.226,0.1412963,0.1601243
異なる射影,2,20262822,無処置,類似文,今日の天気は最高だ,0,33,25,1.0,1.0,1.0,0.226,0.1412963,0.1601243
異なる射影,2,20262822,無処置,無関係文,犬は公園を走っている,0,34,25,1.0,1.0,1.0,0.226,0.1412963,0.1601243
異なる射影,2,20262822,学習・類似共有Edge,学習文,今日は晴れて気持ちいい,7,40,31,0.88888889,0.78947368,0.82426901,0.16043315,0.15679487,0.175
異なる射影,2,20262822,学習・類似共有Edge,類似文,今日の天気は最高だ,7,29,21,0.72222222,0.5862069,0.63381226,0.16043315,0.15679487,0.175
異なる射影,2,20262822,学習・類似共有Edge,無関係文,犬は公園を走っている,7,34,25,1.0,1.0,1.0,0.16043315,0.15679487,0.175
異なる射影,2,20262822,全共有幹線Edge,学習文,今日は晴れて気持ちいい,5,43,34,0.91304348,0.82051282,0.85289855,0.23115992,0.0997549,0.10414614
異なる射影,2,20262822,全共有幹線Edge,類似文,今日の天気は最高だ,5,33,24,0.78378378,0.68965517,0.72260019,0.23115992,0.0997549,0.10414614
異なる射影,2,20262822,全共有幹線Edge,無関係文,犬は公園を走っている,5,32,22,0.88571429,0.74074074,0.79148148,0.23115992,0.0997549,0.10414614
異なる射影,2,20262822,無関係文専用Edge,学習文,今日は晴れて気持ちいい,15,45,37,1.0,1.0,1.0,0.2695,0.13891165,0.15055239
異なる射影,2,20262822,無関係文専用Edge,類似文,今日の天気は最高だ,15,35,27,0.88888889,0.92592593,0.91296296,0.2695,0.13891165,0.15055239
異なる射影,2,20262822,無関係文専用Edge,無関係文,犬は公園を走っている,15,35,26,0.4375,0.24390244,0.31166159,0.2695,0.13891165,0.15055239
異なる射影,2,20262822,ランダム同数Edge,学習文,今日は晴れて気持ちいい,7,45,37,1.0,1.0,1.0,0.2695,0.1412963,0.15361111
異なる射影,2,20262822,ランダム同数Edge,類似文,今日の天気は最高だ,7,35,27,0.88888889,0.92592593,0.91296296,0.2695,0.1412963,0.15361111
異なる射影,2,20262822,ランダム同数Edge,無関係文,犬は公園を走っている,7,34,25,1.0,1.0,1.0,0.2695,0.1412963,0.15361111
異なる射影,3,20263831,無処置,学習文,今日は晴れて気持ちいい,0,33,28,1.0,1.0,1.0,0.0,0.12484326,0.05092105
異なる射影,3,20263831,無処置,類似文,今日の天気は最高だ,0,29,20,1.0,1.0,1.0,0.0,0.12484326,0.05092105
異なる射影,3,20263831,無処置,無関係文,犬は公園を走っている,0,31,22,1.0,1.0,1.0,0.0,0.12484326,0.05092105
異なる射影,3,20263831,学習・類似共有Edge,学習文,今日は晴れて気持ちいい,0,33,28,1.0,1.0,1.0,0.0,0.12484326,0.05092105
異なる射影,3,20263831,学習・類似共有Edge,類似文,今日の天気は最高だ,0,29,20,1.0,1.0,1.0,0.0,0.12484326,0.05092105
異なる射影,3,20263831,学習・類似共有Edge,無関係文,犬は公園を走っている,0,31,22,1.0,1.0,1.0,0.0,0.12484326,0.05092105
異なる射影,3,20263831,全共有幹線Edge,学習文,今日は晴れて気持ちいい,0,33,28,1.0,1.0,1.0,0.0,0.12484326,0.05092105
異なる射影,3,20263831,全共有幹線Edge,類似文,今日の天気は最高だ,0,29,20,1.0,1.0,1.0,0.0,0.12484326,0.05092105
異なる射影,3,20263831,全共有幹線Edge,無関係文,犬は公園を走っている,0,31,22,1.0,1.0,1.0,0.0,0.12484326,0.05092105
異なる射影,3,20263831,無関係文専用Edge,学習文,今日は晴れて気持ちいい,14,33,28,1.0,1.0,1.0,0.0,0.13330377,0.06878898
異なる射影,3,20263831,無関係文専用Edge,類似文,今日の天気は最高だ,14,29,20,1.0,1.0,1.0,0.0,0.13330377,0.06878898
異なる射影,3,20263831,無関係文専用Edge,無関係文,犬は公園を走っている,14,28,19,0.43902439,0.24242424,0.31123429,0.0,0.13330377,0.06878898
異なる射影,3,20263831,ランダム同数Edge,学習文,今日は晴れて気持ちいい,0,33,28,1.0,1.0,1.0,0.0,0.12484326,0.05092105
異なる射影,3,20263831,ランダム同数Edge,類似文,今日の天気は最高だ,0,29,20,1.0,1.0,1.0,0.0,0.12484326,0.05092105
異なる射影,3,20263831,ランダム同数Edge,無関係文,犬は公園を走っている,0,31,22,1.0,1.0,1.0,0.0,0.12484326,0.05092105
異なる射影,4,20264840,無処置,学習文,今日は晴れて気持ちいい,0,41,33,1.0,1.0,1.0,0.40264493,0.20104167,0.25111111
異なる射影,4,20264840,無処置,類似文,今日の天気は最高だ,0,42,32,1.0,1.0,1.0,0.40264493,0.20104167,0.25111111
異なる射影,4,20264840,無処置,無関係文,犬は公園を走っている,0,35,25,1.0,1.0,1.0,0.40264493,0.20104167,0.25111111
異なる射影,4,20264840,学習・類似共有Edge,学習文,今日は晴れて気持ちいい,9,36,27,0.71111111,0.62162162,0.65294294,0.31943182,0.22594835,0.28596491
異なる射影,4,20264840,学習・類似共有Edge,類似文,今日の天気は最高だ,9,36,26,0.77272727,0.65714286,0.6975974,0.31943182,0.22594835,0.28596491
異なる射影,4,20264840,学習・類似共有Edge,無関係文,犬は公園を走っている,9,35,25,1.0,1.0,1.0,0.31943182,0.22594835,0.28596491
異なる射影,4,20264840,全共有幹線Edge,学習文,今日は晴れて気持ちいい,10,35,28,0.76744186,0.60526316,0.6620257,0.34775641,0.11782277,0.12423246
異なる射影,4,20264840,全共有幹線Edge,類似文,今日の天気は最高だ,10,34,25,0.72727273,0.54054054,0.60589681,0.34775641,0.11782277,0.12423246
異なる射影,4,20264840,全共有幹線Edge,無関係文,犬は公園を走っている,10,30,20,0.58536585,0.36363636,0.44124169,0.34775641,0.11782277,0.12423246
異なる射影,4,20264840,無関係文専用Edge,学習文,今日は晴れて気持ちいい,13,41,33,1.0,1.0,1.0,0.40264493,0.2031586,0.2536612
異なる射影,4,20264840,無関係文専用Edge,類似文,今日の天気は最高だ,13,42,32,1.0,1.0,1.0,0.40264493,0.2031586,0.2536612
異なる射影,4,20264840,無関係文専用Edge,無関係文,犬は公園を走っている,13,33,25,0.47826087,0.31578947,0.37265446,0.40264493,0.2031586,0.2536612
異なる射影,4,20264840,ランダム同数Edge,学習文,今日は晴れて気持ちいい,9,41,33,0.95238095,0.94117647,0.94509804,0.40264493,0.20104167,0.25111111
異なる射影,4,20264840,ランダム同数Edge,類似文,今日の天気は最高だ,9,42,32,1.0,1.0,1.0,0.40264493,0.20104167,0.25111111
異なる射影,4,20264840,ランダム同数Edge,無関係文,犬は公園を走っている,9,35,25,1.0,1.0,1.0,0.40264493,0.20104167,0.25111111
異なる射影,5,20265849,無処置,学習文,今日は晴れて気持ちいい,0,44,37,1.0,1.0,1.0,0.51212121,0.09788792,0.04771242
異なる射影,5,20265849,無処置,類似文,今日の天気は最高だ,0,37,32,1.0,1.0,1.0,0.51212121,0.09788792,0.04771242
異なる射影,5,20265849,無処置,無関係文,犬は公園を走っている,0,30,21,1.0,1.0,1.0,0.51212121,0.09788792,0.04771242
異なる射影,5,20265849,学習・類似共有Edge,学習文,今日は晴れて気持ちいい,22,37,27,0.55769231,0.30612245,0.3941719,0.31628571,0.11000762,0.05966507
異なる射影,5,20265849,学習・類似共有Edge,類似文,今日の天気は最高だ,22,29,19,0.5,0.24390244,0.33353659,0.31628571,0.11000762,0.05966507
異なる射影,5,20265849,学習・類似共有Edge,無関係文,犬は公園を走っている,22,30,21,1.0,1.0,1.0,0.31628571,0.11000762,0.05966507
異なる射影,5,20265849,全共有幹線Edge,学習文,今日は晴れて気持ちいい,2,43,36,0.93333333,0.92105263,0.92535088,0.47136364,0.08181818,0.00555556
異なる射影,5,20265849,全共有幹線Edge,類似文,今日の天気は最高だ,2,35,30,0.94594595,0.9375,0.94045608,0.47136364,0.08181818,0.00555556
異なる射影,5,20265849,全共有幹線Edge,無関係文,犬は公園を走っている,2,29,20,0.90322581,0.86363636,0.87749267,0.47136364,0.08181818,0.00555556
異なる射影,5,20265849,無関係文専用Edge,学習文,今日は晴れて気持ちいい,16,44,37,1.0,1.0,1.0,0.51212121,0.15734398,0.10962713
異なる射影,5,20265849,無関係文専用Edge,類似文,今日の天気は最高だ,16,37,32,1.0,1.0,1.0,0.51212121,0.15734398,0.10962713
異なる射影,5,20265849,無関係文専用Edge,無関係文,犬は公園を走っている,16,32,24,0.37777778,0.125,0.21347222,0.51212121,0.15734398,0.10962713
異なる射影,5,20265849,ランダム同数Edge,学習文,今日は晴れて気持ちいい,22,44,37,1.0,1.0,1.0,0.51212121,0.09788792,0.04771242
異なる射影,5,20265849,ランダム同数Edge,類似文,今日の天気は最高だ,22,37,32,1.0,1.0,1.0,0.51212121,0.09788792,0.04771242
異なる射影,5,20265849,ランダム同数Edge,無関係文,犬は公園を走っている,22,30,21,1.0,1.0,1.0,0.51212121,0.09788792,0.04771242
