group,trial,projection_seed,condition,probe_label,probe_text,cut_edge_count,route_retention,sunny_affinity,rainy_affinity,affinity_margin,node_count,edge_count
固定射影,1,20260804,無処置,晴れ未経験,よく晴れた穏やかな日だ,0,1.0,0.36322572,0.08883915,0.27438657,42,33
固定射影,1,20260804,無処置,雨未経験,雨雲が広がって寒く感じる,0,1.0,0.07409229,0.26789436,-0.19380207,42,33
固定射影,1,20260804,無処置,曖昧天気,今日は天気が変わりやすい,0,1.0,0.315874,0.16392125,0.15195276,45,36
固定射影,1,20260804,無処置,無関係,会計ソフトが請求書を処理する,0,1.0,0.02598517,0.00979445,0.01619072,29,19
固定射影,1,20260804,天気幹線切断,晴れ未経験,よく晴れた穏やかな日だ,0,1.0,0.36322572,0.08883915,0.27438657,42,33
固定射影,1,20260804,天気幹線切断,雨未経験,雨雲が広がって寒く感じる,0,1.0,0.07409229,0.26789436,-0.19380207,42,33
固定射影,1,20260804,天気幹線切断,曖昧天気,今日は天気が変わりやすい,0,1.0,0.315874,0.16392125,0.15195276,45,36
固定射影,1,20260804,天気幹線切断,無関係,会計ソフトが請求書を処理する,0,1.0,0.02598517,0.00979445,0.01619072,29,19
固定射影,1,20260804,晴れ枝切断,晴れ未経験,よく晴れた穏やかな日だ,10,0.74469697,0.2286864,0.09776772,0.13091868,36,27
固定射影,1,20260804,晴れ枝切断,雨未経験,雨雲が広がって寒く感じる,10,1.0,0.07409229,0.26789436,-0.19380207,42,33
固定射影,1,20260804,晴れ枝切断,曖昧天気,今日は天気が変わりやすい,10,0.85277778,0.2648571,0.17515336,0.08970374,41,32
固定射影,1,20260804,晴れ枝切断,無関係,会計ソフトが請求書を処理する,10,1.0,0.02598517,0.00979445,0.01619072,29,19
固定射影,1,20260804,雨枝切断,晴れ未経験,よく晴れた穏やかな日だ,17,1.0,0.36322572,0.08883915,0.27438657,42,33
固定射影,1,20260804,雨枝切断,雨未経験,雨雲が広がって寒く感じる,17,0.76439394,0.08089656,0.17761461,-0.09671805,36,27
固定射影,1,20260804,雨枝切断,曖昧天気,今日は天気が変わりやすい,17,1.0,0.315874,0.16392125,0.15195276,45,36
固定射影,1,20260804,雨枝切断,無関係,会計ソフトが請求書を処理する,17,1.0,0.02598517,0.00979445,0.01619072,29,19
固定射影,1,20260804,部分共有切断,晴れ未経験,よく晴れた穏やかな日だ,32,0.61590909,0.17718519,0.01658074,0.16060444,34,25
固定射影,1,20260804,部分共有切断,雨未経験,雨雲が広がって寒く感じる,32,0.7,0.02492803,0.14091434,-0.11598631,36,26
固定射影,1,20260804,部分共有切断,曖昧天気,今日は天気が変わりやすい,32,0.47305556,0.09173514,0.02056199,0.07117316,32,22
固定射影,1,20260804,部分共有切断,無関係,会計ソフトが請求書を処理する,32,1.0,0.02598517,0.00979445,0.01619072,29,19
固定射影,1,20260804,ランダム同数,晴れ未経験,よく晴れた穏やかな日だ,17,0.74469697,0.2225493,0.0572969,0.1652524,37,27
固定射影,1,20260804,ランダム同数,雨未経験,雨雲が広がって寒く感じる,17,0.78409091,0.06078921,0.18577345,-0.12498424,35,26
固定射影,1,20260804,ランダム同数,曖昧天気,今日は天気が変わりやすい,17,0.77527778,0.22833614,0.10143404,0.1269021,40,30
固定射影,1,20260804,ランダム同数,無関係,会計ソフトが請求書を処理する,17,0.90744102,0.01542273,0.00997145,0.00545129,28,18
固定射影,2,20260804,無処置,晴れ未経験,よく晴れた穏やかな日だ,0,1.0,0.36322572,0.08883915,0.27438657,42,33
固定射影,2,20260804,無処置,雨未経験,雨雲が広がって寒く感じる,0,1.0,0.07409229,0.26789436,-0.19380207,42,33
固定射影,2,20260804,無処置,曖昧天気,今日は天気が変わりやすい,0,1.0,0.315874,0.16392125,0.15195276,45,36
固定射影,2,20260804,無処置,無関係,会計ソフトが請求書を処理する,0,1.0,0.02598517,0.00979445,0.01619072,29,19
固定射影,2,20260804,天気幹線切断,晴れ未経験,よく晴れた穏やかな日だ,0,1.0,0.36322572,0.08883915,0.27438657,42,33
固定射影,2,20260804,天気幹線切断,雨未経験,雨雲が広がって寒く感じる,0,1.0,0.07409229,0.26789436,-0.19380207,42,33
固定射影,2,20260804,天気幹線切断,曖昧天気,今日は天気が変わりやすい,0,1.0,0.315874,0.16392125,0.15195276,45,36
固定射影,2,20260804,天気幹線切断,無関係,会計ソフトが請求書を処理する,0,1.0,0.02598517,0.00979445,0.01619072,29,19
固定射影,2,20260804,晴れ枝切断,晴れ未経験,よく晴れた穏やかな日だ,10,0.74469697,0.2286864,0.09776772,0.13091868,36,27
固定射影,2,20260804,晴れ枝切断,雨未経験,雨雲が広がって寒く感じる,10,1.0,0.07409229,0.26789436,-0.19380207,42,33
固定射影,2,20260804,晴れ枝切断,曖昧天気,今日は天気が変わりやすい,10,0.85277778,0.2648571,0.17515336,0.08970374,41,32
固定射影,2,20260804,晴れ枝切断,無関係,会計ソフトが請求書を処理する,10,1.0,0.02598517,0.00979445,0.01619072,29,19
固定射影,2,20260804,雨枝切断,晴れ未経験,よく晴れた穏やかな日だ,17,1.0,0.36322572,0.08883915,0.27438657,42,33
固定射影,2,20260804,雨枝切断,雨未経験,雨雲が広がって寒く感じる,17,0.76439394,0.08089656,0.17761461,-0.09671805,36,27
固定射影,2,20260804,雨枝切断,曖昧天気,今日は天気が変わりやすい,17,1.0,0.315874,0.16392125,0.15195276,45,36
固定射影,2,20260804,雨枝切断,無関係,会計ソフトが請求書を処理する,17,1.0,0.02598517,0.00979445,0.01619072,29,19
固定射影,2,20260804,部分共有切断,晴れ未経験,よく晴れた穏やかな日だ,32,0.61590909,0.17718519,0.01658074,0.16060444,34,25
固定射影,2,20260804,部分共有切断,雨未経験,雨雲が広がって寒く感じる,32,0.7,0.02492803,0.14091434,-0.11598631,36,26
固定射影,2,20260804,部分共有切断,曖昧天気,今日は天気が変わりやすい,32,0.47305556,0.09173514,0.02056199,0.07117316,32,22
固定射影,2,20260804,部分共有切断,無関係,会計ソフトが請求書を処理する,32,1.0,0.02598517,0.00979445,0.01619072,29,19
固定射影,2,20260804,ランダム同数,晴れ未経験,よく晴れた穏やかな日だ,17,0.77575758,0.26539877,0.05467486,0.21072391,35,26
固定射影,2,20260804,ランダム同数,雨未経験,雨雲が広がって寒く感じる,17,0.86818182,0.05333905,0.21263811,-0.15929906,39,29
固定射影,2,20260804,ランダム同数,曖昧天気,今日は天気が変わりやすい,17,0.77527778,0.21200361,0.12217187,0.08983174,38,29
固定射影,2,20260804,ランダム同数,無関係,会計ソフトが請求書を処理する,17,0.95372051,0.0209366,0.00997145,0.01096515,28,18
固定射影,3,20260804,無処置,晴れ未経験,よく晴れた穏やかな日だ,0,1.0,0.36322572,0.08883915,0.27438657,42,33
固定射影,3,20260804,無処置,雨未経験,雨雲が広がって寒く感じる,0,1.0,0.07409229,0.26789436,-0.19380207,42,33
固定射影,3,20260804,無処置,曖昧天気,今日は天気が変わりやすい,0,1.0,0.315874,0.16392125,0.15195276,45,36
固定射影,3,20260804,無処置,無関係,会計ソフトが請求書を処理する,0,1.0,0.02598517,0.00979445,0.01619072,29,19
固定射影,3,20260804,天気幹線切断,晴れ未経験,よく晴れた穏やかな日だ,0,1.0,0.36322572,0.08883915,0.27438657,42,33
固定射影,3,20260804,天気幹線切断,雨未経験,雨雲が広がって寒く感じる,0,1.0,0.07409229,0.26789436,-0.19380207,42,33
固定射影,3,20260804,天気幹線切断,曖昧天気,今日は天気が変わりやすい,0,1.0,0.315874,0.16392125,0.15195276,45,36
固定射影,3,20260804,天気幹線切断,無関係,会計ソフトが請求書を処理する,0,1.0,0.02598517,0.00979445,0.01619072,29,19
固定射影,3,20260804,晴れ枝切断,晴れ未経験,よく晴れた穏やかな日だ,10,0.74469697,0.2286864,0.09776772,0.13091868,36,27
固定射影,3,20260804,晴れ枝切断,雨未経験,雨雲が広がって寒く感じる,10,1.0,0.07409229,0.26789436,-0.19380207,42,33
固定射影,3,20260804,晴れ枝切断,曖昧天気,今日は天気が変わりやすい,10,0.85277778,0.2648571,0.17515336,0.08970374,41,32
固定射影,3,20260804,晴れ枝切断,無関係,会計ソフトが請求書を処理する,10,1.0,0.02598517,0.00979445,0.01619072,29,19
固定射影,3,20260804,雨枝切断,晴れ未経験,よく晴れた穏やかな日だ,17,1.0,0.36322572,0.08883915,0.27438657,42,33
固定射影,3,20260804,雨枝切断,雨未経験,雨雲が広がって寒く感じる,17,0.76439394,0.08089656,0.17761461,-0.09671805,36,27
固定射影,3,20260804,雨枝切断,曖昧天気,今日は天気が変わりやすい,17,1.0,0.315874,0.16392125,0.15195276,45,36
固定射影,3,20260804,雨枝切断,無関係,会計ソフトが請求書を処理する,17,1.0,0.02598517,0.00979445,0.01619072,29,19
固定射影,3,20260804,部分共有切断,晴れ未経験,よく晴れた穏やかな日だ,32,0.61590909,0.17718519,0.01658074,0.16060444,34,25
固定射影,3,20260804,部分共有切断,雨未経験,雨雲が広がって寒く感じる,32,0.7,0.02492803,0.14091434,-0.11598631,36,26
固定射影,3,20260804,部分共有切断,曖昧天気,今日は天気が変わりやすい,32,0.47305556,0.09173514,0.02056199,0.07117316,32,22
固定射影,3,20260804,部分共有切断,無関係,会計ソフトが請求書を処理する,32,1.0,0.02598517,0.00979445,0.01619072,29,19
固定射影,3,20260804,ランダム同数,晴れ未経験,よく晴れた穏やかな日だ,17,0.73636364,0.24209761,0.07261224,0.16948537,35,26
固定射影,3,20260804,ランダム同数,雨未経験,雨雲が広がって寒く感じる,17,0.85984848,0.06149579,0.20933905,-0.14784326,39,30
固定射影,3,20260804,ランダム同数,曖昧天気,今日は天気が変わりやすい,17,0.70555556,0.20566673,0.11182444,0.09384229,36,27
固定射影,3,20260804,ランダム同数,無関係,会計ソフトが請求書を処理する,17,1.0,0.02598517,0.00979445,0.01619072,29,19
固定射影,4,20260804,無処置,晴れ未経験,よく晴れた穏やかな日だ,0,1.0,0.36322572,0.08883915,0.27438657,42,33
固定射影,4,20260804,無処置,雨未経験,雨雲が広がって寒く感じる,0,1.0,0.07409229,0.26789436,-0.19380207,42,33
固定射影,4,20260804,無処置,曖昧天気,今日は天気が変わりやすい,0,1.0,0.315874,0.16392125,0.15195276,45,36
固定射影,4,20260804,無処置,無関係,会計ソフトが請求書を処理する,0,1.0,0.02598517,0.00979445,0.01619072,29,19
固定射影,4,20260804,天気幹線切断,晴れ未経験,よく晴れた穏やかな日だ,0,1.0,0.36322572,0.08883915,0.27438657,42,33
固定射影,4,20260804,天気幹線切断,雨未経験,雨雲が広がって寒く感じる,0,1.0,0.07409229,0.26789436,-0.19380207,42,33
固定射影,4,20260804,天気幹線切断,曖昧天気,今日は天気が変わりやすい,0,1.0,0.315874,0.16392125,0.15195276,45,36
固定射影,4,20260804,天気幹線切断,無関係,会計ソフトが請求書を処理する,0,1.0,0.02598517,0.00979445,0.01619072,29,19
固定射影,4,20260804,晴れ枝切断,晴れ未経験,よく晴れた穏やかな日だ,10,0.74469697,0.2286864,0.09776772,0.13091868,36,27
固定射影,4,20260804,晴れ枝切断,雨未経験,雨雲が広がって寒く感じる,10,1.0,0.07409229,0.26789436,-0.19380207,42,33
固定射影,4,20260804,晴れ枝切断,曖昧天気,今日は天気が変わりやすい,10,0.85277778,0.2648571,0.17515336,0.08970374,41,32
固定射影,4,20260804,晴れ枝切断,無関係,会計ソフトが請求書を処理する,10,1.0,0.02598517,0.00979445,0.01619072,29,19
固定射影,4,20260804,雨枝切断,晴れ未経験,よく晴れた穏やかな日だ,17,1.0,0.36322572,0.08883915,0.27438657,42,33
固定射影,4,20260804,雨枝切断,雨未経験,雨雲が広がって寒く感じる,17,0.76439394,0.08089656,0.17761461,-0.09671805,36,27
固定射影,4,20260804,雨枝切断,曖昧天気,今日は天気が変わりやすい,17,1.0,0.315874,0.16392125,0.15195276,45,36
固定射影,4,20260804,雨枝切断,無関係,会計ソフトが請求書を処理する,17,1.0,0.02598517,0.00979445,0.01619072,29,19
固定射影,4,20260804,部分共有切断,晴れ未経験,よく晴れた穏やかな日だ,32,0.61590909,0.17718519,0.01658074,0.16060444,34,25
固定射影,4,20260804,部分共有切断,雨未経験,雨雲が広がって寒く感じる,32,0.7,0.02492803,0.14091434,-0.11598631,36,26
固定射影,4,20260804,部分共有切断,曖昧天気,今日は天気が変わりやすい,32,0.47305556,0.09173514,0.02056199,0.07117316,32,22
固定射影,4,20260804,部分共有切断,無関係,会計ソフトが請求書を処理する,32,1.0,0.02598517,0.00979445,0.01619072,29,19
固定射影,4,20260804,ランダム同数,晴れ未経験,よく晴れた穏やかな日だ,17,0.71969697,0.23467293,0.05579781,0.17887511,33,25
固定射影,4,20260804,ランダム同数,雨未経験,雨雲が広がって寒く感じる,17,0.77575758,0.05530813,0.21085308,-0.15554495,34,26
固定射影,4,20260804,ランダム同数,曖昧天気,今日は天気が変わりやすい,17,0.69,0.19517123,0.10326228,0.09190895,35,27
固定射影,4,20260804,ランダム同数,無関係,会計ソフトが請求書を処理する,17,0.91950998,0.01720096,0.00997145,0.00722952,28,18
固定射影,5,20260804,無処置,晴れ未経験,よく晴れた穏やかな日だ,0,1.0,0.36322572,0.08883915,0.27438657,42,33
固定射影,5,20260804,無処置,雨未経験,雨雲が広がって寒く感じる,0,1.0,0.07409229,0.26789436,-0.19380207,42,33
固定射影,5,20260804,無処置,曖昧天気,今日は天気が変わりやすい,0,1.0,0.315874,0.16392125,0.15195276,45,36
固定射影,5,20260804,無処置,無関係,会計ソフトが請求書を処理する,0,1.0,0.02598517,0.00979445,0.01619072,29,19
固定射影,5,20260804,天気幹線切断,晴れ未経験,よく晴れた穏やかな日だ,0,1.0,0.36322572,0.08883915,0.27438657,42,33
固定射影,5,20260804,天気幹線切断,雨未経験,雨雲が広がって寒く感じる,0,1.0,0.07409229,0.26789436,-0.19380207,42,33
固定射影,5,20260804,天気幹線切断,曖昧天気,今日は天気が変わりやすい,0,1.0,0.315874,0.16392125,0.15195276,45,36
固定射影,5,20260804,天気幹線切断,無関係,会計ソフトが請求書を処理する,0,1.0,0.02598517,0.00979445,0.01619072,29,19
固定射影,5,20260804,晴れ枝切断,晴れ未経験,よく晴れた穏やかな日だ,10,0.74469697,0.2286864,0.09776772,0.13091868,36,27
固定射影,5,20260804,晴れ枝切断,雨未経験,雨雲が広がって寒く感じる,10,1.0,0.07409229,0.26789436,-0.19380207,42,33
固定射影,5,20260804,晴れ枝切断,曖昧天気,今日は天気が変わりやすい,10,0.85277778,0.2648571,0.17515336,0.08970374,41,32
固定射影,5,20260804,晴れ枝切断,無関係,会計ソフトが請求書を処理する,10,1.0,0.02598517,0.00979445,0.01619072,29,19
固定射影,5,20260804,雨枝切断,晴れ未経験,よく晴れた穏やかな日だ,17,1.0,0.36322572,0.08883915,0.27438657,42,33
固定射影,5,20260804,雨枝切断,雨未経験,雨雲が広がって寒く感じる,17,0.76439394,0.08089656,0.17761461,-0.09671805,36,27
固定射影,5,20260804,雨枝切断,曖昧天気,今日は天気が変わりやすい,17,1.0,0.315874,0.16392125,0.15195276,45,36
固定射影,5,20260804,雨枝切断,無関係,会計ソフトが請求書を処理する,17,1.0,0.02598517,0.00979445,0.01619072,29,19
固定射影,5,20260804,部分共有切断,晴れ未経験,よく晴れた穏やかな日だ,32,0.61590909,0.17718519,0.01658074,0.16060444,34,25
固定射影,5,20260804,部分共有切断,雨未経験,雨雲が広がって寒く感じる,32,0.7,0.02492803,0.14091434,-0.11598631,36,26
固定射影,5,20260804,部分共有切断,曖昧天気,今日は天気が変わりやすい,32,0.47305556,0.09173514,0.02056199,0.07117316,32,22
固定射影,5,20260804,部分共有切断,無関係,会計ソフトが請求書を処理する,32,1.0,0.02598517,0.00979445,0.01619072,29,19
固定射影,5,20260804,ランダム同数,晴れ未経験,よく晴れた穏やかな日だ,17,0.61590909,0.1625864,0.05935382,0.10323258,33,25
固定射影,5,20260804,ランダム同数,雨未経験,雨雲が広がって寒く感じる,17,0.88787879,0.06591101,0.21338842,-0.14747741,40,31
固定射影,5,20260804,ランダム同数,曖昧天気,今日は天気が変わりやすい,17,0.72361111,0.19353163,0.12866281,0.06486882,38,29
固定射影,5,20260804,ランダム同数,無関係,会計ソフトが請求書を処理する,17,0.95372051,0.0208215,0.00997145,0.01085005,28,18
異なる射影,1,20261813,無処置,晴れ未経験,よく晴れた穏やかな日だ,0,1.0,0.12782333,0.11537661,0.01244673,35,28
異なる射影,1,20261813,無処置,雨未経験,雨雲が広がって寒く感じる,0,1.0,0.20062501,0.27481235,-0.07418735,47,41
異なる射影,1,20261813,無処置,曖昧天気,今日は天気が変わりやすい,0,1.0,0.20200923,0.27437829,-0.07236906,44,38
異なる射影,1,20261813,無処置,無関係,会計ソフトが請求書を処理する,0,1.0,0.05119613,0.07892175,-0.02772562,34,24
異なる射影,1,20261813,天気幹線切断,晴れ未経験,よく晴れた穏やかな日だ,0,1.0,0.12782333,0.11537661,0.01244673,35,28
異なる射影,1,20261813,天気幹線切断,雨未経験,雨雲が広がって寒く感じる,0,1.0,0.20062501,0.27481235,-0.07418735,47,41
異なる射影,1,20261813,天気幹線切断,曖昧天気,今日は天気が変わりやすい,0,1.0,0.20200923,0.27437829,-0.07236906,44,38
異なる射影,1,20261813,天気幹線切断,無関係,会計ソフトが請求書を処理する,0,1.0,0.05119613,0.07892175,-0.02772562,34,24
異なる射影,1,20261813,晴れ枝切断,晴れ未経験,よく晴れた穏やかな日だ,7,1.0,0.12782333,0.11537661,0.01244673,35,28
異なる射影,1,20261813,晴れ枝切断,雨未経験,雨雲が広がって寒く感じる,7,0.97669953,0.19105902,0.27956772,-0.0885087,46,40
異なる射影,1,20261813,晴れ枝切断,曖昧天気,今日は天気が変わりやすい,7,1.0,0.20200923,0.27437829,-0.07236906,44,38
異なる射影,1,20261813,晴れ枝切断,無関係,会計ソフトが請求書を処理する,7,1.0,0.05119613,0.07892175,-0.02772562,34,24
異なる射影,1,20261813,雨枝切断,晴れ未経験,よく晴れた穏やかな日だ,4,1.0,0.12782333,0.11537661,0.01244673,35,28
異なる射影,1,20261813,雨枝切断,雨未経験,雨雲が広がって寒く感じる,4,0.9300986,0.20371031,0.21664838,-0.01293807,46,40
異なる射影,1,20261813,雨枝切断,曖昧天気,今日は天気が変わりやすい,4,1.0,0.20200923,0.27437829,-0.07236906,44,38
異なる射影,1,20261813,雨枝切断,無関係,会計ソフトが請求書を処理する,4,1.0,0.05119613,0.07892175,-0.02772562,34,24
異なる射影,1,20261813,部分共有切断,晴れ未経験,よく晴れた穏やかな日だ,34,0.61821429,0.03335802,0.0454546,-0.01209659,30,21
異なる射影,1,20261813,部分共有切断,雨未経験,雨雲が広がって寒く感じる,34,0.62623249,0.05439221,0.1537949,-0.09940269,37,28
異なる射影,1,20261813,部分共有切断,曖昧天気,今日は天気が変わりやすい,34,0.48845694,0.04157908,0.07733305,-0.03575397,32,22
異なる射影,1,20261813,部分共有切断,無関係,会計ソフトが請求書を処理する,34,0.78602941,0.00679025,0.06054293,-0.05375268,30,20
異なる射影,1,20261813,ランダム同数,晴れ未経験,よく晴れた穏やかな日だ,7,1.0,0.12782333,0.11537661,0.01244673,35,28
異なる射影,1,20261813,ランダム同数,雨未経験,雨雲が広がって寒く感じる,7,0.88349766,0.16353888,0.26500921,-0.10147033,42,37
異なる射影,1,20261813,ランダム同数,曖昧天気,今日は天気が変わりやすい,7,1.0,0.20200923,0.27437829,-0.07236906,44,38
異なる射影,1,20261813,ランダム同数,無関係,会計ソフトが請求書を処理する,7,0.96262255,0.05147379,0.07152671,-0.02005292,33,24
異なる射影,2,20262822,無処置,晴れ未経験,よく晴れた穏やかな日だ,0,1.0,0.21476403,0.26293965,-0.04817562,46,38
異なる射影,2,20262822,無処置,雨未経験,雨雲が広がって寒く感じる,0,1.0,0.17017556,0.37852457,-0.20834901,52,46
異なる射影,2,20262822,無処置,曖昧天気,今日は天気が変わりやすい,0,1.0,0.25399915,0.26414199,-0.01014283,42,33
異なる射影,2,20262822,無処置,無関係,会計ソフトが請求書を処理する,0,1.0,0.00786869,0.0158183,-0.00794961,26,17
異なる射影,2,20262822,天気幹線切断,晴れ未経験,よく晴れた穏やかな日だ,0,1.0,0.21476403,0.26293965,-0.04817562,46,38
異なる射影,2,20262822,天気幹線切断,雨未経験,雨雲が広がって寒く感じる,0,1.0,0.17017556,0.37852457,-0.20834901,52,46
異なる射影,2,20262822,天気幹線切断,曖昧天気,今日は天気が変わりやすい,0,1.0,0.25399915,0.26414199,-0.01014283,42,33
異なる射影,2,20262822,天気幹線切断,無関係,会計ソフトが請求書を処理する,0,1.0,0.00786869,0.0158183,-0.00794961,26,17
異なる射影,2,20262822,晴れ枝切断,晴れ未経験,よく晴れた穏やかな日だ,6,0.87643021,0.21782042,0.31865132,-0.1008309,47,39
異なる射影,2,20262822,晴れ枝切断,雨未経験,雨雲が広がって寒く感じる,6,1.0,0.17017556,0.37852457,-0.20834901,52,46
異なる射影,2,20262822,晴れ枝切断,曖昧天気,今日は天気が変わりやすい,6,0.91590909,0.21456924,0.26862139,-0.05405215,41,32
異なる射影,2,20262822,晴れ枝切断,無関係,会計ソフトが請求書を処理する,6,1.0,0.00786869,0.0158183,-0.00794961,26,17
異なる射影,2,20262822,雨枝切断,晴れ未経験,よく晴れた穏やかな日だ,10,0.83461098,0.20472141,0.19689585,0.00782556,41,33
異なる射影,2,20262822,雨枝切断,雨未経験,雨雲が広がって寒く感じる,10,0.69314381,0.14988875,0.24207864,-0.09218989,41,35
異なる射影,2,20262822,雨枝切断,曖昧天気,今日は天気が変わりやすい,10,1.0,0.25399915,0.26414199,-0.01014283,42,33
異なる射影,2,20262822,雨枝切断,無関係,会計ソフトが請求書を処理する,10,1.0,0.00786869,0.0158183,-0.00794961,26,17
異なる射影,2,20262822,部分共有切断,晴れ未経験,よく晴れた穏やかな日だ,53,0.48672769,0.08943293,0.0772835,0.01214943,33,23
異なる射影,2,20262822,部分共有切断,雨未経験,雨雲が広がって寒く感じる,53,0.44280936,0.03099242,0.13265761,-0.10166519,31,23
異なる射影,2,20262822,部分共有切断,曖昧天気,今日は天気が変わりやすい,53,0.36060606,0.09507436,0.02918861,0.06588576,28,18
異なる射影,2,20262822,部分共有切断,無関係,会計ソフトが請求書を処理する,53,0.94830317,0.00176768,0.01037394,-0.00860626,25,16
異なる射影,2,20262822,ランダム同数,晴れ未経験,よく晴れた穏やかな日だ,10,0.78518307,0.15437852,0.23142963,-0.07705111,42,33
異なる射影,2,20262822,ランダム同数,雨未経験,雨雲が広がって寒く感じる,10,0.92328595,0.14292328,0.3571494,-0.21422612,50,43
異なる射影,2,20262822,ランダム同数,曖昧天気,今日は天気が変わりやすい,10,0.92424242,0.23339889,0.24735036,-0.01395147,40,30
異なる射影,2,20262822,ランダム同数,無関係,会計ソフトが請求書を処理する,10,1.0,0.00786869,0.0158183,-0.00794961,26,17
異なる射影,3,20263831,無処置,晴れ未経験,よく晴れた穏やかな日だ,0,1.0,0.17591794,0.08991354,0.0860044,41,32
異なる射影,3,20263831,無処置,雨未経験,雨雲が広がって寒く感じる,0,1.0,0.10070874,0.25285387,-0.15214513,40,33
異なる射影,3,20263831,無処置,曖昧天気,今日は天気が変わりやすい,0,1.0,0.11293899,0.18506385,-0.07212486,35,29
異なる射影,3,20263831,無処置,無関係,会計ソフトが請求書を処理する,0,1.0,0.04111208,0.05773181,-0.01661974,29,19
異なる射影,3,20263831,天気幹線切断,晴れ未経験,よく晴れた穏やかな日だ,0,1.0,0.17591794,0.08991354,0.0860044,41,32
異なる射影,3,20263831,天気幹線切断,雨未経験,雨雲が広がって寒く感じる,0,1.0,0.10070874,0.25285387,-0.15214513,40,33
異なる射影,3,20263831,天気幹線切断,曖昧天気,今日は天気が変わりやすい,0,1.0,0.11293899,0.18506385,-0.07212486,35,29
異なる射影,3,20263831,天気幹線切断,無関係,会計ソフトが請求書を処理する,0,1.0,0.04111208,0.05773181,-0.01661974,29,19
異なる射影,3,20263831,晴れ枝切断,晴れ未経験,よく晴れた穏やかな日だ,11,0.91345274,0.14474715,0.09462634,0.05012081,38,29
異なる射影,3,20263831,晴れ枝切断,雨未経験,雨雲が広がって寒く感じる,11,1.0,0.10070874,0.25285387,-0.15214513,40,33
異なる射影,3,20263831,晴れ枝切断,曖昧天気,今日は天気が変わりやすい,11,1.0,0.11293899,0.18506385,-0.07212486,35,29
異なる射影,3,20263831,晴れ枝切断,無関係,会計ソフトが請求書を処理する,11,1.0,0.04111208,0.05773181,-0.01661974,29,19
異なる射影,3,20263831,雨枝切断,晴れ未経験,よく晴れた穏やかな日だ,3,1.0,0.17591794,0.08991354,0.0860044,41,32
異なる射影,3,20263831,雨枝切断,雨未経験,雨雲が広がって寒く感じる,3,1.0,0.10070874,0.25285387,-0.15214513,40,33
異なる射影,3,20263831,雨枝切断,曖昧天気,今日は天気が変わりやすい,3,1.0,0.11293899,0.18506385,-0.07212486,35,29
異なる射影,3,20263831,雨枝切断,無関係,会計ソフトが請求書を処理する,3,1.0,0.04111208,0.05773181,-0.01661974,29,19
異なる射影,3,20263831,部分共有切断,晴れ未経験,よく晴れた穏やかな日だ,46,0.51810213,0.04418282,0.02190193,0.02228088,29,19
異なる射影,3,20263831,部分共有切断,雨未経験,雨雲が広がって寒く感じる,46,0.54045455,0.01177778,0.08832735,-0.07654958,33,23
異なる射影,3,20263831,部分共有切断,曖昧天気,今日は天気が変わりやすい,46,0.52137931,0.02261587,0.04072298,-0.01810711,28,19
異なる射影,3,20263831,部分共有切断,無関係,会計ソフトが請求書を処理する,46,0.70018149,0.00926471,0.01837618,-0.00911147,25,15
異なる射影,3,20263831,ランダム同数,晴れ未経験,よく晴れた穏やかな日だ,11,0.89314024,0.15619181,0.08076375,0.07542806,40,30
異なる射影,3,20263831,ランダム同数,雨未経験,雨雲が広がって寒く感じる,11,0.88401515,0.08878543,0.21163081,-0.12284538,40,31
異なる射影,3,20263831,ランダム同数,曖昧天気,今日は天気が変わりやすい,11,0.87793103,0.08912759,0.14799735,-0.05886977,36,27
異なる射影,3,20263831,ランダム同数,無関係,会計ソフトが請求書を処理する,11,0.95372051,0.03475007,0.05183635,-0.01708627,28,18
異なる射影,4,20264840,無処置,晴れ未経験,よく晴れた穏やかな日だ,0,1.0,0.40288757,0.29686014,0.10602743,38,32
異なる射影,4,20264840,無処置,雨未経験,雨雲が広がって寒く感じる,0,1.0,0.25555931,0.33288245,-0.07732313,41,34
異なる射影,4,20264840,無処置,曖昧天気,今日は天気が変わりやすい,0,1.0,0.09622837,0.2003775,-0.10414913,41,33
異なる射影,4,20264840,無処置,無関係,会計ソフトが請求書を処理する,0,1.0,0.04768572,0.0,0.04768572,27,17
異なる射影,4,20264840,天気幹線切断,晴れ未経験,よく晴れた穏やかな日だ,6,0.81175987,0.28911453,0.19308624,0.09602829,34,27
異なる射影,4,20264840,天気幹線切断,雨未経験,雨雲が広がって寒く感じる,6,0.81495696,0.1484352,0.22283761,-0.07440241,36,29
異なる射影,4,20264840,天気幹線切断,曖昧天気,今日は天気が変わりやすい,6,0.91529933,0.05544553,0.16102496,-0.10557943,38,30
異なる射影,4,20264840,天気幹線切断,無関係,会計ソフトが請求書を処理する,6,1.0,0.04768572,0.0,0.04768572,27,17
異なる射影,4,20264840,晴れ枝切断,晴れ未経験,よく晴れた穏やかな日だ,5,0.94095395,0.38535384,0.30702038,0.07833346,36,30
異なる射影,4,20264840,晴れ枝切断,雨未経験,雨雲が広がって寒く感じる,5,1.0,0.25555931,0.33288245,-0.07732313,41,34
異なる射影,4,20264840,晴れ枝切断,曖昧天気,今日は天気が変わりやすい,5,1.0,0.09622837,0.2003775,-0.10414913,41,33
異なる射影,4,20264840,晴れ枝切断,無関係,会計ソフトが請求書を処理する,5,0.89760349,0.02679659,0.0,0.02679659,25,15
異なる射影,4,20264840,雨枝切断,晴れ未経験,よく晴れた穏やかな日だ,10,1.0,0.40288757,0.29686014,0.10602743,38,32
異なる射影,4,20264840,雨枝切断,雨未経験,雨雲が広がって寒く感じる,10,1.0,0.25555931,0.33288245,-0.07732313,41,34
異なる射影,4,20264840,雨枝切断,曖昧天気,今日は天気が変わりやすい,10,0.79974132,0.10438594,0.14366862,-0.03928268,36,27
異なる射影,4,20264840,雨枝切断,無関係,会計ソフトが請求書を処理する,10,1.0,0.04768572,0.0,0.04768572,27,17
異なる射影,4,20264840,部分共有切断,晴れ未経験,よく晴れた穏やかな日だ,40,0.54416118,0.1719101,0.14318276,0.02872734,30,21
異なる射影,4,20264840,部分共有切断,雨未経験,雨雲が広がって寒く感じる,40,0.48959828,0.10174063,0.13431006,-0.03256943,33,25
異なる射影,4,20264840,部分共有切断,曖昧天気,今日は天気が変わりやすい,40,0.72620103,0.02411022,0.12267648,-0.09856625,34,26
異なる射影,4,20264840,部分共有切断,無関係,会計ソフトが請求書を処理する,40,1.0,0.04768572,0.0,0.04768572,27,17
異なる射影,4,20264840,ランダム同数,晴れ未経験,よく晴れた穏やかな日だ,10,0.94095395,0.36091038,0.28662231,0.07428807,37,31
異なる射影,4,20264840,ランダム同数,雨未経験,雨雲が広がって寒く感じる,10,1.0,0.25555931,0.33288245,-0.07732313,41,34
異なる射影,4,20264840,ランダム同数,曖昧天気,今日は天気が変わりやすい,10,0.8759054,0.09553151,0.16904908,-0.07351757,38,29
異なる射影,4,20264840,ランダム同数,無関係,会計ソフトが請求書を処理する,10,0.94880174,0.03723497,0.0,0.03723497,26,16
異なる射影,5,20265849,無処置,晴れ未経験,よく晴れた穏やかな日だ,0,1.0,0.33750337,0.21439986,0.12310351,39,31
異なる射影,5,20265849,無処置,雨未経験,雨雲が広がって寒く感じる,0,1.0,0.27001673,0.31571068,-0.04569395,45,36
異なる射影,5,20265849,無処置,曖昧天気,今日は天気が変わりやすい,0,1.0,0.39093447,0.31016475,0.08076973,47,42
異なる射影,5,20265849,無処置,無関係,会計ソフトが請求書を処理する,0,1.0,0.11861141,0.06282642,0.05578498,33,26
異なる射影,5,20265849,天気幹線切断,晴れ未経験,よく晴れた穏やかな日だ,9,0.76943755,0.23577692,0.10700053,0.12877639,33,25
異なる射影,5,20265849,天気幹線切断,雨未経験,雨雲が広がって寒く感じる,9,0.69777778,0.11200259,0.12432238,-0.01231978,35,26
異なる射影,5,20265849,天気幹線切断,曖昧天気,今日は天気が変わりやすい,9,0.74726444,0.22810992,0.13650829,0.09160163,40,34
異なる射影,5,20265849,天気幹線切断,無関係,会計ソフトが請求書を処理する,9,0.96439394,0.1037049,0.04791348,0.05579142,32,25
異なる射影,5,20265849,晴れ枝切断,晴れ未経験,よく晴れた穏やかな日だ,10,1.0,0.33750337,0.21439986,0.12310351,39,31
異なる射影,5,20265849,晴れ枝切断,雨未経験,雨雲が広がって寒く感じる,10,0.9225,0.23691371,0.33010919,-0.09319548,42,33
異なる射影,5,20265849,晴れ枝切断,曖昧天気,今日は天気が変わりやすい,10,0.98452381,0.38044878,0.31354879,0.06689999,47,41
異なる射影,5,20265849,晴れ枝切断,無関係,会計ソフトが請求書を処理する,10,0.87878788,0.08616121,0.06628188,0.01987932,31,22
異なる射影,5,20265849,雨枝切断,晴れ未経験,よく晴れた穏やかな日だ,1,1.0,0.33750337,0.21439986,0.12310351,39,31
異なる射影,5,20265849,雨枝切断,雨未経験,雨雲が広がって寒く感じる,1,1.0,0.27001673,0.31571068,-0.04569395,45,36
異なる射影,5,20265849,雨枝切断,曖昧天気,今日は天気が変わりやすい,1,1.0,0.39093447,0.31016475,0.08076973,47,42
異なる射影,5,20265849,雨枝切断,無関係,会計ソフトが請求書を処理する,1,1.0,0.11861141,0.06282642,0.05578498,33,26
異なる射影,5,20265849,部分共有切断,晴れ未経験,よく晴れた穏やかな日だ,51,0.51790736,0.13626106,0.10503354,0.03122752,27,19
異なる射影,5,20265849,部分共有切断,雨未経験,雨雲が広がって寒く感じる,51,0.70555556,0.17788399,0.22141378,-0.04352979,37,27
異なる射影,5,20265849,部分共有切断,曖昧天気,今日は天気が変わりやすい,51,0.55643364,0.18443949,0.19956057,-0.01512108,34,27
異なる射影,5,20265849,部分共有切断,無関係,会計ソフトが請求書を処理する,51,0.72575758,0.06173738,0.02743423,0.03430315,27,19
異なる射影,5,20265849,ランダム同数,晴れ未経験,よく晴れた穏やかな日だ,10,0.9401158,0.31200769,0.20223462,0.10977307,38,30
異なる射影,5,20265849,ランダム同数,雨未経験,雨雲が広がって寒く感じる,10,0.9225,0.24397218,0.31410071,-0.07012853,42,33
異なる射影,5,20265849,ランダム同数,曖昧天気,今日は天気が変わりやすい,10,0.94612462,0.37109234,0.3137377,0.05735463,46,39
異なる射影,5,20265849,ランダム同数,無関係,会計ソフトが請求書を処理する,10,0.86818182,0.08560761,0.05274556,0.03286205,31,23
