group,trial,projection_seed,checkpoint,entity_type,role,count,share,total_unique
固定射影,1,20260804,0,Node,全共有幹線,3,0.04166667,72
固定射影,1,20260804,0,Node,学習・類似共有,11,0.15277778,72
固定射影,1,20260804,0,Node,学習文専用,14,0.19444444,72
固定射影,1,20260804,0,Node,類似文専用,17,0.23611111,72
固定射影,1,20260804,0,Node,無関係文専用,27,0.375,72
固定射影,1,20260804,0,Node,学習・無関係共有,0,0.0,72
固定射影,1,20260804,0,Node,類似・無関係共有,0,0.0,72
固定射影,1,20260804,0,Edge,全共有幹線,3,0.06,50
固定射影,1,20260804,0,Edge,学習・類似共有,8,0.16,50
固定射影,1,20260804,0,Edge,学習文専用,8,0.16,50
固定射影,1,20260804,0,Edge,類似文専用,12,0.24,50
固定射影,1,20260804,0,Edge,無関係文専用,19,0.38,50
固定射影,1,20260804,0,Edge,学習・無関係共有,0,0.0,50
固定射影,1,20260804,0,Edge,類似・無関係共有,0,0.0,50
固定射影,1,20260804,1,Node,全共有幹線,3,0.04166667,72
固定射影,1,20260804,1,Node,学習・類似共有,12,0.16666667,72
固定射影,1,20260804,1,Node,学習文専用,15,0.20833333,72
固定射影,1,20260804,1,Node,類似文専用,15,0.20833333,72
固定射影,1,20260804,1,Node,無関係文専用,27,0.375,72
固定射影,1,20260804,1,Node,学習・無関係共有,0,0.0,72
固定射影,1,20260804,1,Node,類似・無関係共有,0,0.0,72
固定射影,1,20260804,1,Edge,全共有幹線,3,0.06,50
固定射影,1,20260804,1,Edge,学習・類似共有,9,0.18,50
固定射影,1,20260804,1,Edge,学習文専用,9,0.18,50
固定射影,1,20260804,1,Edge,類似文専用,10,0.2,50
固定射影,1,20260804,1,Edge,無関係文専用,19,0.38,50
固定射影,1,20260804,1,Edge,学習・無関係共有,0,0.0,50
固定射影,1,20260804,1,Edge,類似・無関係共有,0,0.0,50
固定射影,1,20260804,5,Node,全共有幹線,3,0.04,75
固定射影,1,20260804,5,Node,学習・類似共有,12,0.16,75
固定射影,1,20260804,5,Node,学習文専用,17,0.22666667,75
固定射影,1,20260804,5,Node,類似文専用,16,0.21333333,75
固定射影,1,20260804,5,Node,無関係文専用,27,0.36,75
固定射影,1,20260804,5,Node,学習・無関係共有,0,0.0,75
固定射影,1,20260804,5,Node,類似・無関係共有,0,0.0,75
固定射影,1,20260804,5,Edge,全共有幹線,3,0.05660377,53
固定射影,1,20260804,5,Edge,学習・類似共有,9,0.16981132,53
固定射影,1,20260804,5,Edge,学習文専用,11,0.20754717,53
固定射影,1,20260804,5,Edge,類似文専用,11,0.20754717,53
固定射影,1,20260804,5,Edge,無関係文専用,19,0.35849057,53
固定射影,1,20260804,5,Edge,学習・無関係共有,0,0.0,53
固定射影,1,20260804,5,Edge,類似・無関係共有,0,0.0,53
固定射影,1,20260804,10,Node,全共有幹線,3,0.03797468,79
固定射影,1,20260804,10,Node,学習・類似共有,12,0.15189873,79
固定射影,1,20260804,10,Node,学習文専用,19,0.24050633,79
固定射影,1,20260804,10,Node,類似文専用,18,0.2278481,79
固定射影,1,20260804,10,Node,無関係文専用,27,0.34177215,79
固定射影,1,20260804,10,Node,学習・無関係共有,0,0.0,79
固定射影,1,20260804,10,Node,類似・無関係共有,0,0.0,79
固定射影,1,20260804,10,Edge,全共有幹線,3,0.05263158,57
固定射影,1,20260804,10,Edge,学習・類似共有,9,0.15789474,57
固定射影,1,20260804,10,Edge,学習文専用,13,0.22807018,57
固定射影,1,20260804,10,Edge,類似文専用,13,0.22807018,57
固定射影,1,20260804,10,Edge,無関係文専用,19,0.33333333,57
固定射影,1,20260804,10,Edge,学習・無関係共有,0,0.0,57
固定射影,1,20260804,10,Edge,類似・無関係共有,0,0.0,57
固定射影,1,20260804,20,Node,全共有幹線,3,0.03488372,86
固定射影,1,20260804,20,Node,学習・類似共有,15,0.1744186,86
固定射影,1,20260804,20,Node,学習文専用,23,0.26744186,86
固定射影,1,20260804,20,Node,類似文専用,18,0.20930233,86
固定射影,1,20260804,20,Node,無関係文専用,27,0.31395349,86
固定射影,1,20260804,20,Node,学習・無関係共有,0,0.0,86
固定射影,1,20260804,20,Node,類似・無関係共有,0,0.0,86
固定射影,1,20260804,20,Edge,全共有幹線,3,0.04615385,65
固定射影,1,20260804,20,Edge,学習・類似共有,12,0.18461538,65
固定射影,1,20260804,20,Edge,学習文専用,17,0.26153846,65
固定射影,1,20260804,20,Edge,類似文専用,14,0.21538462,65
固定射影,1,20260804,20,Edge,無関係文専用,19,0.29230769,65
固定射影,1,20260804,20,Edge,学習・無関係共有,0,0.0,65
固定射影,1,20260804,20,Edge,類似・無関係共有,0,0.0,65
固定射影,1,20260804,50,Node,全共有幹線,3,0.03370787,89
固定射影,1,20260804,50,Node,学習・類似共有,17,0.19101124,89
固定射影,1,20260804,50,Node,学習文専用,25,0.28089888,89
固定射影,1,20260804,50,Node,類似文専用,18,0.20224719,89
固定射影,1,20260804,50,Node,無関係文専用,26,0.29213483,89
固定射影,1,20260804,50,Node,学習・無関係共有,0,0.0,89
固定射影,1,20260804,50,Node,類似・無関係共有,0,0.0,89
固定射影,1,20260804,50,Edge,全共有幹線,3,0.04545455,66
固定射影,1,20260804,50,Edge,学習・類似共有,14,0.21212121,66
固定射影,1,20260804,50,Edge,学習文専用,19,0.28787879,66
固定射影,1,20260804,50,Edge,類似文専用,13,0.1969697,66
固定射影,1,20260804,50,Edge,無関係文専用,17,0.25757576,66
固定射影,1,20260804,50,Edge,学習・無関係共有,0,0.0,66
固定射影,1,20260804,50,Edge,類似・無関係共有,0,0.0,66
固定射影,2,20260804,0,Node,全共有幹線,3,0.04166667,72
固定射影,2,20260804,0,Node,学習・類似共有,11,0.15277778,72
固定射影,2,20260804,0,Node,学習文専用,14,0.19444444,72
固定射影,2,20260804,0,Node,類似文専用,17,0.23611111,72
固定射影,2,20260804,0,Node,無関係文専用,27,0.375,72
固定射影,2,20260804,0,Node,学習・無関係共有,0,0.0,72
固定射影,2,20260804,0,Node,類似・無関係共有,0,0.0,72
固定射影,2,20260804,0,Edge,全共有幹線,3,0.06,50
固定射影,2,20260804,0,Edge,学習・類似共有,8,0.16,50
固定射影,2,20260804,0,Edge,学習文専用,8,0.16,50
固定射影,2,20260804,0,Edge,類似文専用,12,0.24,50
固定射影,2,20260804,0,Edge,無関係文専用,19,0.38,50
固定射影,2,20260804,0,Edge,学習・無関係共有,0,0.0,50
固定射影,2,20260804,0,Edge,類似・無関係共有,0,0.0,50
固定射影,2,20260804,1,Node,全共有幹線,3,0.04166667,72
固定射影,2,20260804,1,Node,学習・類似共有,12,0.16666667,72
固定射影,2,20260804,1,Node,学習文専用,15,0.20833333,72
固定射影,2,20260804,1,Node,類似文専用,15,0.20833333,72
固定射影,2,20260804,1,Node,無関係文専用,27,0.375,72
固定射影,2,20260804,1,Node,学習・無関係共有,0,0.0,72
固定射影,2,20260804,1,Node,類似・無関係共有,0,0.0,72
固定射影,2,20260804,1,Edge,全共有幹線,3,0.06,50
固定射影,2,20260804,1,Edge,学習・類似共有,9,0.18,50
固定射影,2,20260804,1,Edge,学習文専用,9,0.18,50
固定射影,2,20260804,1,Edge,類似文専用,10,0.2,50
固定射影,2,20260804,1,Edge,無関係文専用,19,0.38,50
固定射影,2,20260804,1,Edge,学習・無関係共有,0,0.0,50
固定射影,2,20260804,1,Edge,類似・無関係共有,0,0.0,50
固定射影,2,20260804,5,Node,全共有幹線,3,0.03846154,78
固定射影,2,20260804,5,Node,学習・類似共有,12,0.15384615,78
固定射影,2,20260804,5,Node,学習文専用,18,0.23076923,78
固定射影,2,20260804,5,Node,類似文専用,18,0.23076923,78
固定射影,2,20260804,5,Node,無関係文専用,27,0.34615385,78
固定射影,2,20260804,5,Node,学習・無関係共有,0,0.0,78
固定射影,2,20260804,5,Node,類似・無関係共有,0,0.0,78
固定射影,2,20260804,5,Edge,全共有幹線,3,0.05357143,56
固定射影,2,20260804,5,Edge,学習・類似共有,9,0.16071429,56
固定射影,2,20260804,5,Edge,学習文専用,12,0.21428571,56
固定射影,2,20260804,5,Edge,類似文専用,13,0.23214286,56
固定射影,2,20260804,5,Edge,無関係文専用,19,0.33928571,56
固定射影,2,20260804,5,Edge,学習・無関係共有,0,0.0,56
固定射影,2,20260804,5,Edge,類似・無関係共有,0,0.0,56
固定射影,2,20260804,10,Node,全共有幹線,3,0.03797468,79
固定射影,2,20260804,10,Node,学習・類似共有,12,0.15189873,79
固定射影,2,20260804,10,Node,学習文専用,19,0.24050633,79
固定射影,2,20260804,10,Node,類似文専用,18,0.2278481,79
固定射影,2,20260804,10,Node,無関係文専用,27,0.34177215,79
固定射影,2,20260804,10,Node,学習・無関係共有,0,0.0,79
固定射影,2,20260804,10,Node,類似・無関係共有,0,0.0,79
固定射影,2,20260804,10,Edge,全共有幹線,3,0.05263158,57
固定射影,2,20260804,10,Edge,学習・類似共有,9,0.15789474,57
固定射影,2,20260804,10,Edge,学習文専用,13,0.22807018,57
固定射影,2,20260804,10,Edge,類似文専用,13,0.22807018,57
固定射影,2,20260804,10,Edge,無関係文専用,19,0.33333333,57
固定射影,2,20260804,10,Edge,学習・無関係共有,0,0.0,57
固定射影,2,20260804,10,Edge,類似・無関係共有,0,0.0,57
固定射影,2,20260804,20,Node,全共有幹線,3,0.03488372,86
固定射影,2,20260804,20,Node,学習・類似共有,15,0.1744186,86
固定射影,2,20260804,20,Node,学習文専用,23,0.26744186,86
固定射影,2,20260804,20,Node,類似文専用,18,0.20930233,86
固定射影,2,20260804,20,Node,無関係文専用,27,0.31395349,86
固定射影,2,20260804,20,Node,学習・無関係共有,0,0.0,86
固定射影,2,20260804,20,Node,類似・無関係共有,0,0.0,86
固定射影,2,20260804,20,Edge,全共有幹線,3,0.04615385,65
固定射影,2,20260804,20,Edge,学習・類似共有,12,0.18461538,65
固定射影,2,20260804,20,Edge,学習文専用,17,0.26153846,65
固定射影,2,20260804,20,Edge,類似文専用,14,0.21538462,65
固定射影,2,20260804,20,Edge,無関係文専用,19,0.29230769,65
固定射影,2,20260804,20,Edge,学習・無関係共有,0,0.0,65
固定射影,2,20260804,20,Edge,類似・無関係共有,0,0.0,65
固定射影,2,20260804,50,Node,全共有幹線,3,0.03296703,91
固定射影,2,20260804,50,Node,学習・類似共有,17,0.18681319,91
固定射影,2,20260804,50,Node,学習文専用,25,0.27472527,91
固定射影,2,20260804,50,Node,類似文専用,20,0.21978022,91
固定射影,2,20260804,50,Node,無関係文専用,26,0.28571429,91
固定射影,2,20260804,50,Node,学習・無関係共有,0,0.0,91
固定射影,2,20260804,50,Node,類似・無関係共有,0,0.0,91
固定射影,2,20260804,50,Edge,全共有幹線,3,0.04411765,68
固定射影,2,20260804,50,Edge,学習・類似共有,14,0.20588235,68
固定射影,2,20260804,50,Edge,学習文専用,19,0.27941176,68
固定射影,2,20260804,50,Edge,類似文専用,15,0.22058824,68
固定射影,2,20260804,50,Edge,無関係文専用,17,0.25,68
固定射影,2,20260804,50,Edge,学習・無関係共有,0,0.0,68
固定射影,2,20260804,50,Edge,類似・無関係共有,0,0.0,68
固定射影,3,20260804,0,Node,全共有幹線,3,0.04054054,74
固定射影,3,20260804,0,Node,学習・類似共有,9,0.12162162,74
固定射影,3,20260804,0,Node,学習文専用,16,0.21621622,74
固定射影,3,20260804,0,Node,類似文専用,19,0.25675676,74
固定射影,3,20260804,0,Node,無関係文専用,27,0.36486486,74
固定射影,3,20260804,0,Node,学習・無関係共有,0,0.0,74
固定射影,3,20260804,0,Node,類似・無関係共有,0,0.0,74
固定射影,3,20260804,0,Edge,全共有幹線,3,0.05769231,52
固定射影,3,20260804,0,Edge,学習・類似共有,6,0.11538462,52
固定射影,3,20260804,0,Edge,学習文専用,10,0.19230769,52
固定射影,3,20260804,0,Edge,類似文専用,14,0.26923077,52
固定射影,3,20260804,0,Edge,無関係文専用,19,0.36538462,52
固定射影,3,20260804,0,Edge,学習・無関係共有,0,0.0,52
固定射影,3,20260804,0,Edge,類似・無関係共有,0,0.0,52
固定射影,3,20260804,1,Node,全共有幹線,3,0.04166667,72
固定射影,3,20260804,1,Node,学習・類似共有,12,0.16666667,72
固定射影,3,20260804,1,Node,学習文専用,15,0.20833333,72
固定射影,3,20260804,1,Node,類似文専用,15,0.20833333,72
固定射影,3,20260804,1,Node,無関係文専用,27,0.375,72
固定射影,3,20260804,1,Node,学習・無関係共有,0,0.0,72
固定射影,3,20260804,1,Node,類似・無関係共有,0,0.0,72
固定射影,3,20260804,1,Edge,全共有幹線,3,0.06,50
固定射影,3,20260804,1,Edge,学習・類似共有,9,0.18,50
固定射影,3,20260804,1,Edge,学習文専用,9,0.18,50
固定射影,3,20260804,1,Edge,類似文専用,10,0.2,50
固定射影,3,20260804,1,Edge,無関係文専用,19,0.38,50
固定射影,3,20260804,1,Edge,学習・無関係共有,0,0.0,50
固定射影,3,20260804,1,Edge,類似・無関係共有,0,0.0,50
固定射影,3,20260804,5,Node,全共有幹線,3,0.04,75
固定射影,3,20260804,5,Node,学習・類似共有,12,0.16,75
固定射影,3,20260804,5,Node,学習文専用,17,0.22666667,75
固定射影,3,20260804,5,Node,類似文専用,16,0.21333333,75
固定射影,3,20260804,5,Node,無関係文専用,27,0.36,75
固定射影,3,20260804,5,Node,学習・無関係共有,0,0.0,75
固定射影,3,20260804,5,Node,類似・無関係共有,0,0.0,75
固定射影,3,20260804,5,Edge,全共有幹線,3,0.05660377,53
固定射影,3,20260804,5,Edge,学習・類似共有,9,0.16981132,53
固定射影,3,20260804,5,Edge,学習文専用,11,0.20754717,53
固定射影,3,20260804,5,Edge,類似文専用,11,0.20754717,53
固定射影,3,20260804,5,Edge,無関係文専用,19,0.35849057,53
固定射影,3,20260804,5,Edge,学習・無関係共有,0,0.0,53
固定射影,3,20260804,5,Edge,類似・無関係共有,0,0.0,53
固定射影,3,20260804,10,Node,全共有幹線,3,0.03797468,79
固定射影,3,20260804,10,Node,学習・類似共有,12,0.15189873,79
固定射影,3,20260804,10,Node,学習文専用,19,0.24050633,79
固定射影,3,20260804,10,Node,類似文専用,18,0.2278481,79
固定射影,3,20260804,10,Node,無関係文専用,27,0.34177215,79
固定射影,3,20260804,10,Node,学習・無関係共有,0,0.0,79
固定射影,3,20260804,10,Node,類似・無関係共有,0,0.0,79
固定射影,3,20260804,10,Edge,全共有幹線,3,0.05263158,57
固定射影,3,20260804,10,Edge,学習・類似共有,9,0.15789474,57
固定射影,3,20260804,10,Edge,学習文専用,13,0.22807018,57
固定射影,3,20260804,10,Edge,類似文専用,13,0.22807018,57
固定射影,3,20260804,10,Edge,無関係文専用,19,0.33333333,57
固定射影,3,20260804,10,Edge,学習・無関係共有,0,0.0,57
固定射影,3,20260804,10,Edge,類似・無関係共有,0,0.0,57
固定射影,3,20260804,20,Node,全共有幹線,3,0.03571429,84
固定射影,3,20260804,20,Node,学習・類似共有,17,0.20238095,84
固定射影,3,20260804,20,Node,学習文専用,21,0.25,84
固定射影,3,20260804,20,Node,類似文専用,16,0.19047619,84
固定射影,3,20260804,20,Node,無関係文専用,27,0.32142857,84
固定射影,3,20260804,20,Node,学習・無関係共有,0,0.0,84
固定射影,3,20260804,20,Node,類似・無関係共有,0,0.0,84
固定射影,3,20260804,20,Edge,全共有幹線,3,0.04761905,63
固定射影,3,20260804,20,Edge,学習・類似共有,14,0.22222222,63
固定射影,3,20260804,20,Edge,学習文専用,15,0.23809524,63
固定射影,3,20260804,20,Edge,類似文専用,12,0.19047619,63
固定射影,3,20260804,20,Edge,無関係文専用,19,0.3015873,63
固定射影,3,20260804,20,Edge,学習・無関係共有,0,0.0,63
固定射影,3,20260804,20,Edge,類似・無関係共有,0,0.0,63
固定射影,3,20260804,50,Node,全共有幹線,3,0.03296703,91
固定射影,3,20260804,50,Node,学習・類似共有,17,0.18681319,91
固定射影,3,20260804,50,Node,学習文専用,25,0.27472527,91
固定射影,3,20260804,50,Node,類似文専用,20,0.21978022,91
固定射影,3,20260804,50,Node,無関係文専用,26,0.28571429,91
固定射影,3,20260804,50,Node,学習・無関係共有,0,0.0,91
固定射影,3,20260804,50,Node,類似・無関係共有,0,0.0,91
固定射影,3,20260804,50,Edge,全共有幹線,3,0.04411765,68
固定射影,3,20260804,50,Edge,学習・類似共有,14,0.20588235,68
固定射影,3,20260804,50,Edge,学習文専用,19,0.27941176,68
固定射影,3,20260804,50,Edge,類似文専用,15,0.22058824,68
固定射影,3,20260804,50,Edge,無関係文専用,17,0.25,68
固定射影,3,20260804,50,Edge,学習・無関係共有,0,0.0,68
固定射影,3,20260804,50,Edge,類似・無関係共有,0,0.0,68
固定射影,4,20260804,0,Node,全共有幹線,3,0.04054054,74
固定射影,4,20260804,0,Node,学習・類似共有,9,0.12162162,74
固定射影,4,20260804,0,Node,学習文専用,16,0.21621622,74
固定射影,4,20260804,0,Node,類似文専用,19,0.25675676,74
固定射影,4,20260804,0,Node,無関係文専用,27,0.36486486,74
固定射影,4,20260804,0,Node,学習・無関係共有,0,0.0,74
固定射影,4,20260804,0,Node,類似・無関係共有,0,0.0,74
固定射影,4,20260804,0,Edge,全共有幹線,3,0.05769231,52
固定射影,4,20260804,0,Edge,学習・類似共有,6,0.11538462,52
固定射影,4,20260804,0,Edge,学習文専用,10,0.19230769,52
固定射影,4,20260804,0,Edge,類似文専用,14,0.26923077,52
固定射影,4,20260804,0,Edge,無関係文専用,19,0.36538462,52
固定射影,4,20260804,0,Edge,学習・無関係共有,0,0.0,52
固定射影,4,20260804,0,Edge,類似・無関係共有,0,0.0,52
固定射影,4,20260804,1,Node,全共有幹線,3,0.04054054,74
固定射影,4,20260804,1,Node,学習・類似共有,10,0.13513514,74
固定射影,4,20260804,1,Node,学習文専用,17,0.22972973,74
固定射影,4,20260804,1,Node,類似文専用,17,0.22972973,74
固定射影,4,20260804,1,Node,無関係文専用,27,0.36486486,74
固定射影,4,20260804,1,Node,学習・無関係共有,0,0.0,74
固定射影,4,20260804,1,Node,類似・無関係共有,0,0.0,74
固定射影,4,20260804,1,Edge,全共有幹線,3,0.05769231,52
固定射影,4,20260804,1,Edge,学習・類似共有,7,0.13461538,52
固定射影,4,20260804,1,Edge,学習文専用,11,0.21153846,52
固定射影,4,20260804,1,Edge,類似文専用,12,0.23076923,52
固定射影,4,20260804,1,Edge,無関係文専用,19,0.36538462,52
固定射影,4,20260804,1,Edge,学習・無関係共有,0,0.0,52
固定射影,4,20260804,1,Edge,類似・無関係共有,0,0.0,52
固定射影,4,20260804,5,Node,全共有幹線,3,0.04,75
固定射影,4,20260804,5,Node,学習・類似共有,12,0.16,75
固定射影,4,20260804,5,Node,学習文専用,17,0.22666667,75
固定射影,4,20260804,5,Node,類似文専用,16,0.21333333,75
固定射影,4,20260804,5,Node,無関係文専用,27,0.36,75
固定射影,4,20260804,5,Node,学習・無関係共有,0,0.0,75
固定射影,4,20260804,5,Node,類似・無関係共有,0,0.0,75
固定射影,4,20260804,5,Edge,全共有幹線,3,0.05660377,53
固定射影,4,20260804,5,Edge,学習・類似共有,9,0.16981132,53
固定射影,4,20260804,5,Edge,学習文専用,11,0.20754717,53
固定射影,4,20260804,5,Edge,類似文専用,11,0.20754717,53
固定射影,4,20260804,5,Edge,無関係文専用,19,0.35849057,53
固定射影,4,20260804,5,Edge,学習・無関係共有,0,0.0,53
固定射影,4,20260804,5,Edge,類似・無関係共有,0,0.0,53
固定射影,4,20260804,10,Node,全共有幹線,3,0.03797468,79
固定射影,4,20260804,10,Node,学習・類似共有,12,0.15189873,79
固定射影,4,20260804,10,Node,学習文専用,19,0.24050633,79
固定射影,4,20260804,10,Node,類似文専用,18,0.2278481,79
固定射影,4,20260804,10,Node,無関係文専用,27,0.34177215,79
固定射影,4,20260804,10,Node,学習・無関係共有,0,0.0,79
固定射影,4,20260804,10,Node,類似・無関係共有,0,0.0,79
固定射影,4,20260804,10,Edge,全共有幹線,3,0.05263158,57
固定射影,4,20260804,10,Edge,学習・類似共有,9,0.15789474,57
固定射影,4,20260804,10,Edge,学習文専用,13,0.22807018,57
固定射影,4,20260804,10,Edge,類似文専用,13,0.22807018,57
固定射影,4,20260804,10,Edge,無関係文専用,19,0.33333333,57
固定射影,4,20260804,10,Edge,学習・無関係共有,0,0.0,57
固定射影,4,20260804,10,Edge,類似・無関係共有,0,0.0,57
固定射影,4,20260804,20,Node,全共有幹線,3,0.03571429,84
固定射影,4,20260804,20,Node,学習・類似共有,17,0.20238095,84
固定射影,4,20260804,20,Node,学習文専用,21,0.25,84
固定射影,4,20260804,20,Node,類似文専用,16,0.19047619,84
固定射影,4,20260804,20,Node,無関係文専用,27,0.32142857,84
固定射影,4,20260804,20,Node,学習・無関係共有,0,0.0,84
固定射影,4,20260804,20,Node,類似・無関係共有,0,0.0,84
固定射影,4,20260804,20,Edge,全共有幹線,3,0.04761905,63
固定射影,4,20260804,20,Edge,学習・類似共有,14,0.22222222,63
固定射影,4,20260804,20,Edge,学習文専用,15,0.23809524,63
固定射影,4,20260804,20,Edge,類似文専用,12,0.19047619,63
固定射影,4,20260804,20,Edge,無関係文専用,19,0.3015873,63
固定射影,4,20260804,20,Edge,学習・無関係共有,0,0.0,63
固定射影,4,20260804,20,Edge,類似・無関係共有,0,0.0,63
固定射影,4,20260804,50,Node,全共有幹線,3,0.03296703,91
固定射影,4,20260804,50,Node,学習・類似共有,17,0.18681319,91
固定射影,4,20260804,50,Node,学習文専用,25,0.27472527,91
固定射影,4,20260804,50,Node,類似文専用,20,0.21978022,91
固定射影,4,20260804,50,Node,無関係文専用,26,0.28571429,91
固定射影,4,20260804,50,Node,学習・無関係共有,0,0.0,91
固定射影,4,20260804,50,Node,類似・無関係共有,0,0.0,91
固定射影,4,20260804,50,Edge,全共有幹線,3,0.04411765,68
固定射影,4,20260804,50,Edge,学習・類似共有,14,0.20588235,68
固定射影,4,20260804,50,Edge,学習文専用,19,0.27941176,68
固定射影,4,20260804,50,Edge,類似文専用,15,0.22058824,68
固定射影,4,20260804,50,Edge,無関係文専用,17,0.25,68
固定射影,4,20260804,50,Edge,学習・無関係共有,0,0.0,68
固定射影,4,20260804,50,Edge,類似・無関係共有,0,0.0,68
固定射影,5,20260804,0,Node,全共有幹線,3,0.04166667,72
固定射影,5,20260804,0,Node,学習・類似共有,11,0.15277778,72
固定射影,5,20260804,0,Node,学習文専用,14,0.19444444,72
固定射影,5,20260804,0,Node,類似文専用,17,0.23611111,72
固定射影,5,20260804,0,Node,無関係文専用,27,0.375,72
固定射影,5,20260804,0,Node,学習・無関係共有,0,0.0,72
固定射影,5,20260804,0,Node,類似・無関係共有,0,0.0,72
固定射影,5,20260804,0,Edge,全共有幹線,3,0.06,50
固定射影,5,20260804,0,Edge,学習・類似共有,8,0.16,50
固定射影,5,20260804,0,Edge,学習文専用,8,0.16,50
固定射影,5,20260804,0,Edge,類似文専用,12,0.24,50
固定射影,5,20260804,0,Edge,無関係文専用,19,0.38,50
固定射影,5,20260804,0,Edge,学習・無関係共有,0,0.0,50
固定射影,5,20260804,0,Edge,類似・無関係共有,0,0.0,50
固定射影,5,20260804,1,Node,全共有幹線,3,0.04166667,72
固定射影,5,20260804,1,Node,学習・類似共有,12,0.16666667,72
固定射影,5,20260804,1,Node,学習文専用,15,0.20833333,72
固定射影,5,20260804,1,Node,類似文専用,15,0.20833333,72
固定射影,5,20260804,1,Node,無関係文専用,27,0.375,72
固定射影,5,20260804,1,Node,学習・無関係共有,0,0.0,72
固定射影,5,20260804,1,Node,類似・無関係共有,0,0.0,72
固定射影,5,20260804,1,Edge,全共有幹線,3,0.06,50
固定射影,5,20260804,1,Edge,学習・類似共有,9,0.18,50
固定射影,5,20260804,1,Edge,学習文専用,9,0.18,50
固定射影,5,20260804,1,Edge,類似文専用,10,0.2,50
固定射影,5,20260804,1,Edge,無関係文専用,19,0.38,50
固定射影,5,20260804,1,Edge,学習・無関係共有,0,0.0,50
固定射影,5,20260804,1,Edge,類似・無関係共有,0,0.0,50
固定射影,5,20260804,5,Node,全共有幹線,3,0.04,75
固定射影,5,20260804,5,Node,学習・類似共有,12,0.16,75
固定射影,5,20260804,5,Node,学習文専用,17,0.22666667,75
固定射影,5,20260804,5,Node,類似文専用,16,0.21333333,75
固定射影,5,20260804,5,Node,無関係文専用,27,0.36,75
固定射影,5,20260804,5,Node,学習・無関係共有,0,0.0,75
固定射影,5,20260804,5,Node,類似・無関係共有,0,0.0,75
固定射影,5,20260804,5,Edge,全共有幹線,3,0.05660377,53
固定射影,5,20260804,5,Edge,学習・類似共有,9,0.16981132,53
固定射影,5,20260804,5,Edge,学習文専用,11,0.20754717,53
固定射影,5,20260804,5,Edge,類似文専用,11,0.20754717,53
固定射影,5,20260804,5,Edge,無関係文専用,19,0.35849057,53
固定射影,5,20260804,5,Edge,学習・無関係共有,0,0.0,53
固定射影,5,20260804,5,Edge,類似・無関係共有,0,0.0,53
固定射影,5,20260804,10,Node,全共有幹線,3,0.03797468,79
固定射影,5,20260804,10,Node,学習・類似共有,12,0.15189873,79
固定射影,5,20260804,10,Node,学習文専用,19,0.24050633,79
固定射影,5,20260804,10,Node,類似文専用,18,0.2278481,79
固定射影,5,20260804,10,Node,無関係文専用,27,0.34177215,79
固定射影,5,20260804,10,Node,学習・無関係共有,0,0.0,79
固定射影,5,20260804,10,Node,類似・無関係共有,0,0.0,79
固定射影,5,20260804,10,Edge,全共有幹線,3,0.05263158,57
固定射影,5,20260804,10,Edge,学習・類似共有,9,0.15789474,57
固定射影,5,20260804,10,Edge,学習文専用,13,0.22807018,57
固定射影,5,20260804,10,Edge,類似文専用,13,0.22807018,57
固定射影,5,20260804,10,Edge,無関係文専用,19,0.33333333,57
固定射影,5,20260804,10,Edge,学習・無関係共有,0,0.0,57
固定射影,5,20260804,10,Edge,類似・無関係共有,0,0.0,57
固定射影,5,20260804,20,Node,全共有幹線,3,0.03571429,84
固定射影,5,20260804,20,Node,学習・類似共有,17,0.20238095,84
固定射影,5,20260804,20,Node,学習文専用,21,0.25,84
固定射影,5,20260804,20,Node,類似文専用,16,0.19047619,84
固定射影,5,20260804,20,Node,無関係文専用,27,0.32142857,84
固定射影,5,20260804,20,Node,学習・無関係共有,0,0.0,84
固定射影,5,20260804,20,Node,類似・無関係共有,0,0.0,84
固定射影,5,20260804,20,Edge,全共有幹線,3,0.04761905,63
固定射影,5,20260804,20,Edge,学習・類似共有,14,0.22222222,63
固定射影,5,20260804,20,Edge,学習文専用,15,0.23809524,63
固定射影,5,20260804,20,Edge,類似文専用,12,0.19047619,63
固定射影,5,20260804,20,Edge,無関係文専用,19,0.3015873,63
固定射影,5,20260804,20,Edge,学習・無関係共有,0,0.0,63
固定射影,5,20260804,20,Edge,類似・無関係共有,0,0.0,63
固定射影,5,20260804,50,Node,全共有幹線,3,0.03296703,91
固定射影,5,20260804,50,Node,学習・類似共有,17,0.18681319,91
固定射影,5,20260804,50,Node,学習文専用,25,0.27472527,91
固定射影,5,20260804,50,Node,類似文専用,20,0.21978022,91
固定射影,5,20260804,50,Node,無関係文専用,26,0.28571429,91
固定射影,5,20260804,50,Node,学習・無関係共有,0,0.0,91
固定射影,5,20260804,50,Node,類似・無関係共有,0,0.0,91
固定射影,5,20260804,50,Edge,全共有幹線,3,0.04411765,68
固定射影,5,20260804,50,Edge,学習・類似共有,14,0.20588235,68
固定射影,5,20260804,50,Edge,学習文専用,19,0.27941176,68
固定射影,5,20260804,50,Edge,類似文専用,15,0.22058824,68
固定射影,5,20260804,50,Edge,無関係文専用,17,0.25,68
固定射影,5,20260804,50,Edge,学習・無関係共有,0,0.0,68
固定射影,5,20260804,50,Edge,類似・無関係共有,0,0.0,68
異なる射影,1,20261813,0,Node,全共有幹線,1,0.01388889,72
異なる射影,1,20261813,0,Node,学習・類似共有,7,0.09722222,72
異なる射影,1,20261813,0,Node,学習文専用,15,0.20833333,72
異なる射影,1,20261813,0,Node,類似文専用,20,0.27777778,72
異なる射影,1,20261813,0,Node,無関係文専用,23,0.31944444,72
異なる射影,1,20261813,0,Node,学習・無関係共有,5,0.06944444,72
異なる射影,1,20261813,0,Node,類似・無関係共有,1,0.01388889,72
異なる射影,1,20261813,0,Edge,全共有幹線,0,0.0,55
異なる射影,1,20261813,0,Edge,学習・類似共有,4,0.07272727,55
異なる射影,1,20261813,0,Edge,学習文専用,13,0.23636364,55
異なる射影,1,20261813,0,Edge,類似文専用,17,0.30909091,55
異なる射影,1,20261813,0,Edge,無関係文専用,18,0.32727273,55
異なる射影,1,20261813,0,Edge,学習・無関係共有,3,0.05454545,55
異なる射影,1,20261813,0,Edge,類似・無関係共有,0,0.0,55
異なる射影,1,20261813,1,Node,全共有幹線,1,0.01408451,71
異なる射影,1,20261813,1,Node,学習・類似共有,7,0.09859155,71
異なる射影,1,20261813,1,Node,学習文専用,15,0.21126761,71
異なる射影,1,20261813,1,Node,類似文専用,20,0.28169014,71
異なる射影,1,20261813,1,Node,無関係文専用,22,0.30985915,71
異なる射影,1,20261813,1,Node,学習・無関係共有,5,0.07042254,71
異なる射影,1,20261813,1,Node,類似・無関係共有,1,0.01408451,71
異なる射影,1,20261813,1,Edge,全共有幹線,0,0.0,54
異なる射影,1,20261813,1,Edge,学習・類似共有,4,0.07407407,54
異なる射影,1,20261813,1,Edge,学習文専用,13,0.24074074,54
異なる射影,1,20261813,1,Edge,類似文専用,17,0.31481481,54
異なる射影,1,20261813,1,Edge,無関係文専用,17,0.31481481,54
異なる射影,1,20261813,1,Edge,学習・無関係共有,3,0.05555556,54
異なる射影,1,20261813,1,Edge,類似・無関係共有,0,0.0,54
異なる射影,1,20261813,5,Node,全共有幹線,1,0.01333333,75
異なる射影,1,20261813,5,Node,学習・類似共有,9,0.12,75
異なる射影,1,20261813,5,Node,学習文専用,17,0.22666667,75
異なる射影,1,20261813,5,Node,類似文専用,20,0.26666667,75
異なる射影,1,20261813,5,Node,無関係文専用,22,0.29333333,75
異なる射影,1,20261813,5,Node,学習・無関係共有,5,0.06666667,75
異なる射影,1,20261813,5,Node,類似・無関係共有,1,0.01333333,75
異なる射影,1,20261813,5,Edge,全共有幹線,0,0.0,58
異なる射影,1,20261813,5,Edge,学習・類似共有,6,0.10344828,58
異なる射影,1,20261813,5,Edge,学習文専用,15,0.25862069,58
異なる射影,1,20261813,5,Edge,類似文専用,17,0.29310345,58
異なる射影,1,20261813,5,Edge,無関係文専用,17,0.29310345,58
異なる射影,1,20261813,5,Edge,学習・無関係共有,3,0.05172414,58
異なる射影,1,20261813,5,Edge,類似・無関係共有,0,0.0,58
異なる射影,1,20261813,10,Node,全共有幹線,1,0.01298701,77
異なる射影,1,20261813,10,Node,学習・類似共有,9,0.11688312,77
異なる射影,1,20261813,10,Node,学習文専用,19,0.24675325,77
異なる射影,1,20261813,10,Node,類似文専用,20,0.25974026,77
異なる射影,1,20261813,10,Node,無関係文専用,22,0.28571429,77
異なる射影,1,20261813,10,Node,学習・無関係共有,5,0.06493506,77
異なる射影,1,20261813,10,Node,類似・無関係共有,1,0.01298701,77
異なる射影,1,20261813,10,Edge,全共有幹線,0,0.0,60
異なる射影,1,20261813,10,Edge,学習・類似共有,7,0.11666667,60
異なる射影,1,20261813,10,Edge,学習文専用,17,0.28333333,60
異なる射影,1,20261813,10,Edge,類似文専用,16,0.26666667,60
異なる射影,1,20261813,10,Edge,無関係文専用,17,0.28333333,60
異なる射影,1,20261813,10,Edge,学習・無関係共有,3,0.05,60
異なる射影,1,20261813,10,Edge,類似・無関係共有,0,0.0,60
異なる射影,1,20261813,20,Node,全共有幹線,1,0.01298701,77
異なる射影,1,20261813,20,Node,学習・類似共有,11,0.14285714,77
異なる射影,1,20261813,20,Node,学習文専用,18,0.23376623,77
異なる射影,1,20261813,20,Node,類似文専用,19,0.24675325,77
異なる射影,1,20261813,20,Node,無関係文専用,21,0.27272727,77
異なる射影,1,20261813,20,Node,学習・無関係共有,6,0.07792208,77
異なる射影,1,20261813,20,Node,類似・無関係共有,1,0.01298701,77
異なる射影,1,20261813,20,Edge,全共有幹線,0,0.0,60
異なる射影,1,20261813,20,Edge,学習・類似共有,9,0.15,60
異なる射影,1,20261813,20,Edge,学習文専用,16,0.26666667,60
異なる射影,1,20261813,20,Edge,類似文専用,15,0.25,60
異なる射影,1,20261813,20,Edge,無関係文専用,16,0.26666667,60
異なる射影,1,20261813,20,Edge,学習・無関係共有,4,0.06666667,60
異なる射影,1,20261813,20,Edge,類似・無関係共有,0,0.0,60
異なる射影,1,20261813,50,Node,全共有幹線,1,0.01219512,82
異なる射影,1,20261813,50,Node,学習・類似共有,13,0.15853659,82
異なる射影,1,20261813,50,Node,学習文専用,20,0.24390244,82
異なる射影,1,20261813,50,Node,類似文専用,19,0.23170732,82
異なる射影,1,20261813,50,Node,無関係文専用,21,0.25609756,82
異なる射影,1,20261813,50,Node,学習・無関係共有,7,0.08536585,82
異なる射影,1,20261813,50,Node,類似・無関係共有,1,0.01219512,82
異なる射影,1,20261813,50,Edge,全共有幹線,0,0.0,65
異なる射影,1,20261813,50,Edge,学習・類似共有,12,0.18461538,65
異なる射影,1,20261813,50,Edge,学習文専用,18,0.27692308,65
異なる射影,1,20261813,50,Edge,類似文専用,14,0.21538462,65
異なる射影,1,20261813,50,Edge,無関係文専用,17,0.26153846,65
異なる射影,1,20261813,50,Edge,学習・無関係共有,4,0.06153846,65
異なる射影,1,20261813,50,Edge,類似・無関係共有,0,0.0,65
異なる射影,2,20262822,0,Node,全共有幹線,3,0.04225352,71
異なる射影,2,20262822,0,Node,学習・類似共有,6,0.08450704,71
異なる射影,2,20262822,0,Node,学習文専用,18,0.25352113,71
異なる射影,2,20262822,0,Node,類似文専用,17,0.23943662,71
異なる射影,2,20262822,0,Node,無関係文専用,21,0.29577465,71
異なる射影,2,20262822,0,Node,学習・無関係共有,2,0.02816901,71
異なる射影,2,20262822,0,Node,類似・無関係共有,4,0.05633803,71
異なる射影,2,20262822,0,Edge,全共有幹線,2,0.03846154,52
異なる射影,2,20262822,0,Edge,学習・類似共有,4,0.07692308,52
異なる射影,2,20262822,0,Edge,学習文専用,14,0.26923077,52
異なる射影,2,20262822,0,Edge,類似文専用,14,0.26923077,52
異なる射影,2,20262822,0,Edge,無関係文専用,16,0.30769231,52
異なる射影,2,20262822,0,Edge,学習・無関係共有,0,0.0,52
異なる射影,2,20262822,0,Edge,類似・無関係共有,2,0.03846154,52
異なる射影,2,20262822,1,Node,全共有幹線,3,0.04166667,72
異なる射影,2,20262822,1,Node,学習・類似共有,6,0.08333333,72
異なる射影,2,20262822,1,Node,学習文専用,19,0.26388889,72
異なる射影,2,20262822,1,Node,類似文専用,17,0.23611111,72
異なる射影,2,20262822,1,Node,無関係文専用,21,0.29166667,72
異なる射影,2,20262822,1,Node,学習・無関係共有,2,0.02777778,72
異なる射影,2,20262822,1,Node,類似・無関係共有,4,0.05555556,72
異なる射影,2,20262822,1,Edge,全共有幹線,2,0.03846154,52
異なる射影,2,20262822,1,Edge,学習・類似共有,4,0.07692308,52
異なる射影,2,20262822,1,Edge,学習文専用,14,0.26923077,52
異なる射影,2,20262822,1,Edge,類似文専用,14,0.26923077,52
異なる射影,2,20262822,1,Edge,無関係文専用,15,0.28846154,52
異なる射影,2,20262822,1,Edge,学習・無関係共有,1,0.01923077,52
異なる射影,2,20262822,1,Edge,類似・無関係共有,2,0.03846154,52
異なる射影,2,20262822,5,Node,全共有幹線,3,0.04054054,74
異なる射影,2,20262822,5,Node,学習・類似共有,6,0.08108108,74
異なる射影,2,20262822,5,Node,学習文専用,20,0.27027027,74
異なる射影,2,20262822,5,Node,類似文専用,17,0.22972973,74
異なる射影,2,20262822,5,Node,無関係文専用,21,0.28378378,74
異なる射影,2,20262822,5,Node,学習・無関係共有,3,0.04054054,74
異なる射影,2,20262822,5,Node,類似・無関係共有,4,0.05405405,74
異なる射影,2,20262822,5,Edge,全共有幹線,2,0.03703704,54
異なる射影,2,20262822,5,Edge,学習・類似共有,5,0.09259259,54
異なる射影,2,20262822,5,Edge,学習文専用,14,0.25925926,54
異なる射影,2,20262822,5,Edge,類似文専用,14,0.25925926,54
異なる射影,2,20262822,5,Edge,無関係文専用,15,0.27777778,54
異なる射影,2,20262822,5,Edge,学習・無関係共有,2,0.03703704,54
異なる射影,2,20262822,5,Edge,類似・無関係共有,2,0.03703704,54
異なる射影,2,20262822,10,Node,全共有幹線,3,0.03846154,78
異なる射影,2,20262822,10,Node,学習・類似共有,6,0.07692308,78
異なる射影,2,20262822,10,Node,学習文専用,24,0.30769231,78
異なる射影,2,20262822,10,Node,類似文専用,17,0.21794872,78
異なる射影,2,20262822,10,Node,無関係文専用,21,0.26923077,78
異なる射影,2,20262822,10,Node,学習・無関係共有,3,0.03846154,78
異なる射影,2,20262822,10,Node,類似・無関係共有,4,0.05128205,78
異なる射影,2,20262822,10,Edge,全共有幹線,2,0.03448276,58
異なる射影,2,20262822,10,Edge,学習・類似共有,5,0.0862069,58
異なる射影,2,20262822,10,Edge,学習文専用,18,0.31034483,58
異なる射影,2,20262822,10,Edge,類似文専用,14,0.24137931,58
異なる射影,2,20262822,10,Edge,無関係文専用,15,0.25862069,58
異なる射影,2,20262822,10,Edge,学習・無関係共有,2,0.03448276,58
異なる射影,2,20262822,10,Edge,類似・無関係共有,2,0.03448276,58
異なる射影,2,20262822,20,Node,全共有幹線,4,0.05,80
異なる射影,2,20262822,20,Node,学習・類似共有,10,0.125,80
異なる射影,2,20262822,20,Node,学習文専用,22,0.275,80
異なる射影,2,20262822,20,Node,類似文専用,16,0.2,80
異なる射影,2,20262822,20,Node,無関係文専用,21,0.2625,80
異なる射影,2,20262822,20,Node,学習・無関係共有,3,0.0375,80
異なる射影,2,20262822,20,Node,類似・無関係共有,4,0.05,80
異なる射影,2,20262822,20,Edge,全共有幹線,4,0.06666667,60
異なる射影,2,20262822,20,Edge,学習・類似共有,8,0.13333333,60
異なる射影,2,20262822,20,Edge,学習文専用,16,0.26666667,60
異なる射影,2,20262822,20,Edge,類似文専用,13,0.21666667,60
異なる射影,2,20262822,20,Edge,無関係文専用,15,0.25,60
異なる射影,2,20262822,20,Edge,学習・無関係共有,2,0.03333333,60
異なる射影,2,20262822,20,Edge,類似・無関係共有,2,0.03333333,60
異なる射影,2,20262822,50,Node,全共有幹線,5,0.05882353,85
異なる射影,2,20262822,50,Node,学習・類似共有,11,0.12941176,85
異なる射影,2,20262822,50,Node,学習文専用,25,0.29411765,85
異なる射影,2,20262822,50,Node,類似文専用,15,0.17647059,85
異なる射影,2,20262822,50,Node,無関係文専用,21,0.24705882,85
異なる射影,2,20262822,50,Node,学習・無関係共有,4,0.04705882,85
異なる射影,2,20262822,50,Node,類似・無関係共有,4,0.04705882,85
異なる射影,2,20262822,50,Edge,全共有幹線,5,0.07692308,65
異なる射影,2,20262822,50,Edge,学習・類似共有,9,0.13846154,65
異なる射影,2,20262822,50,Edge,学習文専用,20,0.30769231,65
異なる射影,2,20262822,50,Edge,類似文専用,11,0.16923077,65
異なる射影,2,20262822,50,Edge,無関係文専用,15,0.23076923,65
異なる射影,2,20262822,50,Edge,学習・無関係共有,3,0.04615385,65
異なる射影,2,20262822,50,Edge,類似・無関係共有,2,0.03076923,65
異なる射影,3,20263831,0,Node,全共有幹線,0,0.0,79
異なる射影,3,20263831,0,Node,学習・類似共有,0,0.0,79
異なる射影,3,20263831,0,Node,学習文専用,22,0.27848101,79
異なる射影,3,20263831,0,Node,類似文専用,26,0.32911392,79
異なる射影,3,20263831,0,Node,無関係文専用,22,0.27848101,79
異なる射影,3,20263831,0,Node,学習・無関係共有,6,0.07594937,79
異なる射影,3,20263831,0,Node,類似・無関係共有,3,0.03797468,79
異なる射影,3,20263831,0,Edge,全共有幹線,0,0.0,56
異なる射影,3,20263831,0,Edge,学習・類似共有,0,0.0,56
異なる射影,3,20263831,0,Edge,学習文専用,16,0.28571429,56
異なる射影,3,20263831,0,Edge,類似文専用,18,0.32142857,56
異なる射影,3,20263831,0,Edge,無関係文専用,15,0.26785714,56
異なる射影,3,20263831,0,Edge,学習・無関係共有,5,0.08928571,56
異なる射影,3,20263831,0,Edge,類似・無関係共有,2,0.03571429,56
異なる射影,3,20263831,1,Node,全共有幹線,0,0.0,79
異なる射影,3,20263831,1,Node,学習・類似共有,0,0.0,79
異なる射影,3,20263831,1,Node,学習文専用,22,0.27848101,79
異なる射影,3,20263831,1,Node,類似文専用,26,0.32911392,79
異なる射影,3,20263831,1,Node,無関係文専用,22,0.27848101,79
異なる射影,3,20263831,1,Node,学習・無関係共有,6,0.07594937,79
異なる射影,3,20263831,1,Node,類似・無関係共有,3,0.03797468,79
異なる射影,3,20263831,1,Edge,全共有幹線,0,0.0,56
異なる射影,3,20263831,1,Edge,学習・類似共有,0,0.0,56
異なる射影,3,20263831,1,Edge,学習文専用,16,0.28571429,56
異なる射影,3,20263831,1,Edge,類似文専用,18,0.32142857,56
異なる射影,3,20263831,1,Edge,無関係文専用,15,0.26785714,56
異なる射影,3,20263831,1,Edge,学習・無関係共有,5,0.08928571,56
異なる射影,3,20263831,1,Edge,類似・無関係共有,2,0.03571429,56
異なる射影,3,20263831,5,Node,全共有幹線,0,0.0,80
異なる射影,3,20263831,5,Node,学習・類似共有,0,0.0,80
異なる射影,3,20263831,5,Node,学習文専用,23,0.2875,80
異なる射影,3,20263831,5,Node,類似文専用,26,0.325,80
異なる射影,3,20263831,5,Node,無関係文専用,22,0.275,80
異なる射影,3,20263831,5,Node,学習・無関係共有,6,0.075,80
異なる射影,3,20263831,5,Node,類似・無関係共有,3,0.0375,80
異なる射影,3,20263831,5,Edge,全共有幹線,0,0.0,57
異なる射影,3,20263831,5,Edge,学習・類似共有,0,0.0,57
異なる射影,3,20263831,5,Edge,学習文専用,17,0.29824561,57
異なる射影,3,20263831,5,Edge,類似文専用,18,0.31578947,57
異なる射影,3,20263831,5,Edge,無関係文専用,15,0.26315789,57
異なる射影,3,20263831,5,Edge,学習・無関係共有,5,0.0877193,57
異なる射影,3,20263831,5,Edge,類似・無関係共有,2,0.03508772,57
異なる射影,3,20263831,10,Node,全共有幹線,0,0.0,82
異なる射影,3,20263831,10,Node,学習・類似共有,0,0.0,82
異なる射影,3,20263831,10,Node,学習文専用,25,0.30487805,82
異なる射影,3,20263831,10,Node,類似文専用,26,0.31707317,82
異なる射影,3,20263831,10,Node,無関係文専用,22,0.26829268,82
異なる射影,3,20263831,10,Node,学習・無関係共有,6,0.07317073,82
異なる射影,3,20263831,10,Node,類似・無関係共有,3,0.03658537,82
異なる射影,3,20263831,10,Edge,全共有幹線,0,0.0,59
異なる射影,3,20263831,10,Edge,学習・類似共有,0,0.0,59
異なる射影,3,20263831,10,Edge,学習文専用,19,0.3220339,59
異なる射影,3,20263831,10,Edge,類似文専用,18,0.30508475,59
異なる射影,3,20263831,10,Edge,無関係文専用,15,0.25423729,59
異なる射影,3,20263831,10,Edge,学習・無関係共有,5,0.08474576,59
異なる射影,3,20263831,10,Edge,類似・無関係共有,2,0.03389831,59
異なる射影,3,20263831,20,Node,全共有幹線,0,0.0,82
異なる射影,3,20263831,20,Node,学習・類似共有,0,0.0,82
異なる射影,3,20263831,20,Node,学習文専用,25,0.30487805,82
異なる射影,3,20263831,20,Node,類似文専用,26,0.31707317,82
異なる射影,3,20263831,20,Node,無関係文専用,22,0.26829268,82
異なる射影,3,20263831,20,Node,学習・無関係共有,6,0.07317073,82
異なる射影,3,20263831,20,Node,類似・無関係共有,3,0.03658537,82
異なる射影,3,20263831,20,Edge,全共有幹線,0,0.0,60
異なる射影,3,20263831,20,Edge,学習・類似共有,0,0.0,60
異なる射影,3,20263831,20,Edge,学習文専用,20,0.33333333,60
異なる射影,3,20263831,20,Edge,類似文専用,18,0.3,60
異なる射影,3,20263831,20,Edge,無関係文専用,14,0.23333333,60
異なる射影,3,20263831,20,Edge,学習・無関係共有,6,0.1,60
異なる射影,3,20263831,20,Edge,類似・無関係共有,2,0.03333333,60
異なる射影,3,20263831,50,Node,全共有幹線,0,0.0,83
異なる射影,3,20263831,50,Node,学習・類似共有,0,0.0,83
異なる射影,3,20263831,50,Node,学習文専用,26,0.31325301,83
異なる射影,3,20263831,50,Node,類似文専用,26,0.31325301,83
異なる射影,3,20263831,50,Node,無関係文専用,22,0.26506024,83
異なる射影,3,20263831,50,Node,学習・無関係共有,6,0.07228916,83
異なる射影,3,20263831,50,Node,類似・無関係共有,3,0.03614458,83
異なる射影,3,20263831,50,Edge,全共有幹線,0,0.0,61
異なる射影,3,20263831,50,Edge,学習・類似共有,0,0.0,61
異なる射影,3,20263831,50,Edge,学習文専用,21,0.3442623,61
異なる射影,3,20263831,50,Edge,類似文専用,18,0.29508197,61
異なる射影,3,20263831,50,Edge,無関係文専用,14,0.2295082,61
異なる射影,3,20263831,50,Edge,学習・無関係共有,6,0.09836066,61
異なる射影,3,20263831,50,Edge,類似・無関係共有,2,0.03278689,61
異なる射影,4,20264840,0,Node,全共有幹線,5,0.06849315,73
異なる射影,4,20264840,0,Node,学習・類似共有,6,0.08219178,73
異なる射影,4,20264840,0,Node,学習文専用,17,0.23287671,73
異なる射影,4,20264840,0,Node,類似文専用,19,0.26027397,73
異なる射影,4,20264840,0,Node,無関係文専用,25,0.34246575,73
異なる射影,4,20264840,0,Node,学習・無関係共有,0,0.0,73
異なる射影,4,20264840,0,Node,類似・無関係共有,1,0.01369863,73
異なる射影,4,20264840,0,Edge,全共有幹線,3,0.05882353,51
異なる射影,4,20264840,0,Edge,学習・類似共有,3,0.05882353,51
異なる射影,4,20264840,0,Edge,学習文専用,13,0.25490196,51
異なる射影,4,20264840,0,Edge,類似文専用,14,0.2745098,51
異なる射影,4,20264840,0,Edge,無関係文専用,17,0.33333333,51
異なる射影,4,20264840,0,Edge,学習・無関係共有,0,0.0,51
異なる射影,4,20264840,0,Edge,類似・無関係共有,1,0.01960784,51
異なる射影,4,20264840,1,Node,全共有幹線,5,0.06756757,74
異なる射影,4,20264840,1,Node,学習・類似共有,8,0.10810811,74
異なる射影,4,20264840,1,Node,学習文専用,17,0.22972973,74
異なる射影,4,20264840,1,Node,類似文専用,18,0.24324324,74
異なる射影,4,20264840,1,Node,無関係文専用,25,0.33783784,74
異なる射影,4,20264840,1,Node,学習・無関係共有,0,0.0,74
異なる射影,4,20264840,1,Node,類似・無関係共有,1,0.01351351,74
異なる射影,4,20264840,1,Edge,全共有幹線,3,0.05769231,52
異なる射影,4,20264840,1,Edge,学習・類似共有,5,0.09615385,52
異なる射影,4,20264840,1,Edge,学習文専用,13,0.25,52
異なる射影,4,20264840,1,Edge,類似文専用,13,0.25,52
異なる射影,4,20264840,1,Edge,無関係文専用,17,0.32692308,52
異なる射影,4,20264840,1,Edge,学習・無関係共有,0,0.0,52
異なる射影,4,20264840,1,Edge,類似・無関係共有,1,0.01923077,52
異なる射影,4,20264840,5,Node,全共有幹線,6,0.08,75
異なる射影,4,20264840,5,Node,学習・類似共有,11,0.14666667,75
異なる射影,4,20264840,5,Node,学習文専用,15,0.2,75
異なる射影,4,20264840,5,Node,類似文専用,18,0.24,75
異なる射影,4,20264840,5,Node,無関係文専用,24,0.32,75
異なる射影,4,20264840,5,Node,学習・無関係共有,0,0.0,75
異なる射影,4,20264840,5,Node,類似・無関係共有,1,0.01333333,75
異なる射影,4,20264840,5,Edge,全共有幹線,4,0.0754717,53
異なる射影,4,20264840,5,Edge,学習・類似共有,8,0.1509434,53
異なる射影,4,20264840,5,Edge,学習文専用,11,0.20754717,53
異なる射影,4,20264840,5,Edge,類似文専用,13,0.24528302,53
異なる射影,4,20264840,5,Edge,無関係文専用,16,0.30188679,53
異なる射影,4,20264840,5,Edge,学習・無関係共有,0,0.0,53
異なる射影,4,20264840,5,Edge,類似・無関係共有,1,0.01886792,53
異なる射影,4,20264840,10,Node,全共有幹線,7,0.09210526,76
異なる射影,4,20264840,10,Node,学習・類似共有,9,0.11842105,76
異なる射影,4,20264840,10,Node,学習文専用,17,0.22368421,76
異なる射影,4,20264840,10,Node,類似文専用,18,0.23684211,76
異なる射影,4,20264840,10,Node,無関係文専用,24,0.31578947,76
異なる射影,4,20264840,10,Node,学習・無関係共有,0,0.0,76
異なる射影,4,20264840,10,Node,類似・無関係共有,1,0.01315789,76
異なる射影,4,20264840,10,Edge,全共有幹線,5,0.09433962,53
異なる射影,4,20264840,10,Edge,学習・類似共有,7,0.13207547,53
異なる射影,4,20264840,10,Edge,学習文専用,12,0.22641509,53
異なる射影,4,20264840,10,Edge,類似文専用,12,0.22641509,53
異なる射影,4,20264840,10,Edge,無関係文専用,16,0.30188679,53
異なる射影,4,20264840,10,Edge,学習・無関係共有,0,0.0,53
異なる射影,4,20264840,10,Edge,類似・無関係共有,1,0.01886792,53
異なる射影,4,20264840,20,Node,全共有幹線,10,0.12820513,78
異なる射影,4,20264840,20,Node,学習・類似共有,9,0.11538462,78
異なる射影,4,20264840,20,Node,学習文専用,19,0.24358974,78
異なる射影,4,20264840,20,Node,類似文専用,17,0.21794872,78
異なる射影,4,20264840,20,Node,無関係文専用,23,0.29487179,78
異なる射影,4,20264840,20,Node,学習・無関係共有,0,0.0,78
異なる射影,4,20264840,20,Node,類似・無関係共有,0,0.0,78
異なる射影,4,20264840,20,Edge,全共有幹線,8,0.14285714,56
異なる射影,4,20264840,20,Edge,学習・類似共有,7,0.125,56
異なる射影,4,20264840,20,Edge,学習文専用,15,0.26785714,56
異なる射影,4,20264840,20,Edge,類似文専用,11,0.19642857,56
異なる射影,4,20264840,20,Edge,無関係文専用,15,0.26785714,56
異なる射影,4,20264840,20,Edge,学習・無関係共有,0,0.0,56
異なる射影,4,20264840,20,Edge,類似・無関係共有,0,0.0,56
異なる射影,4,20264840,50,Node,全共有幹線,12,0.14814815,81
異なる射影,4,20264840,50,Node,学習・類似共有,11,0.13580247,81
異なる射影,4,20264840,50,Node,学習文専用,18,0.22222222,81
異なる射影,4,20264840,50,Node,類似文専用,17,0.20987654,81
異なる射影,4,20264840,50,Node,無関係文専用,21,0.25925926,81
異なる射影,4,20264840,50,Node,学習・無関係共有,0,0.0,81
異なる射影,4,20264840,50,Node,類似・無関係共有,2,0.02469136,81
異なる射影,4,20264840,50,Edge,全共有幹線,10,0.16949153,59
異なる射影,4,20264840,50,Edge,学習・類似共有,9,0.15254237,59
異なる射影,4,20264840,50,Edge,学習文専用,14,0.23728814,59
異なる射影,4,20264840,50,Edge,類似文専用,11,0.18644068,59
異なる射影,4,20264840,50,Edge,無関係文専用,13,0.22033898,59
異なる射影,4,20264840,50,Edge,学習・無関係共有,0,0.0,59
異なる射影,4,20264840,50,Edge,類似・無関係共有,2,0.03389831,59
異なる射影,5,20265849,0,Node,全共有幹線,0,0.0,70
異なる射影,5,20265849,0,Node,学習・類似共有,17,0.24285714,70
異なる射影,5,20265849,0,Node,学習文専用,11,0.15714286,70
異なる射影,5,20265849,0,Node,類似文専用,14,0.2,70
異なる射影,5,20265849,0,Node,無関係文専用,25,0.35714286,70
異なる射影,5,20265849,0,Node,学習・無関係共有,3,0.04285714,70
異なる射影,5,20265849,0,Node,類似・無関係共有,0,0.0,70
異なる射影,5,20265849,0,Edge,全共有幹線,0,0.0,48
異なる射影,5,20265849,0,Edge,学習・類似共有,14,0.29166667,48
異なる射影,5,20265849,0,Edge,学習文専用,6,0.125,48
異なる射影,5,20265849,0,Edge,類似文専用,8,0.16666667,48
異なる射影,5,20265849,0,Edge,無関係文専用,18,0.375,48
異なる射影,5,20265849,0,Edge,学習・無関係共有,2,0.04166667,48
異なる射影,5,20265849,0,Edge,類似・無関係共有,0,0.0,48
異なる射影,5,20265849,1,Node,全共有幹線,0,0.0,70
異なる射影,5,20265849,1,Node,学習・類似共有,18,0.25714286,70
異なる射影,5,20265849,1,Node,学習文専用,11,0.15714286,70
異なる射影,5,20265849,1,Node,類似文専用,13,0.18571429,70
異なる射影,5,20265849,1,Node,無関係文専用,25,0.35714286,70
異なる射影,5,20265849,1,Node,学習・無関係共有,3,0.04285714,70
異なる射影,5,20265849,1,Node,類似・無関係共有,0,0.0,70
異なる射影,5,20265849,1,Edge,全共有幹線,0,0.0,49
異なる射影,5,20265849,1,Edge,学習・類似共有,15,0.30612245,49
異なる射影,5,20265849,1,Edge,学習文専用,6,0.12244898,49
異なる射影,5,20265849,1,Edge,類似文専用,8,0.16326531,49
異なる射影,5,20265849,1,Edge,無関係文専用,18,0.36734694,49
異なる射影,5,20265849,1,Edge,学習・無関係共有,2,0.04081633,49
異なる射影,5,20265849,1,Edge,類似・無関係共有,0,0.0,49
異なる射影,5,20265849,5,Node,全共有幹線,0,0.0,72
異なる射影,5,20265849,5,Node,学習・類似共有,18,0.25,72
異なる射影,5,20265849,5,Node,学習文専用,13,0.18055556,72
異なる射影,5,20265849,5,Node,類似文専用,12,0.16666667,72
異なる射影,5,20265849,5,Node,無関係文専用,25,0.34722222,72
異なる射影,5,20265849,5,Node,学習・無関係共有,3,0.04166667,72
異なる射影,5,20265849,5,Node,類似・無関係共有,1,0.01388889,72
異なる射影,5,20265849,5,Edge,全共有幹線,0,0.0,52
異なる射影,5,20265849,5,Edge,学習・類似共有,15,0.28846154,52
異なる射影,5,20265849,5,Edge,学習文専用,8,0.15384615,52
異なる射影,5,20265849,5,Edge,類似文専用,8,0.15384615,52
異なる射影,5,20265849,5,Edge,無関係文専用,19,0.36538462,52
異なる射影,5,20265849,5,Edge,学習・無関係共有,2,0.03846154,52
異なる射影,5,20265849,5,Edge,類似・無関係共有,0,0.0,52
異なる射影,5,20265849,10,Node,全共有幹線,0,0.0,73
異なる射影,5,20265849,10,Node,学習・類似共有,19,0.26027397,73
異なる射影,5,20265849,10,Node,学習文専用,13,0.17808219,73
異なる射影,5,20265849,10,Node,類似文専用,12,0.16438356,73
異なる射影,5,20265849,10,Node,無関係文専用,24,0.32876712,73
異なる射影,5,20265849,10,Node,学習・無関係共有,4,0.05479452,73
異なる射影,5,20265849,10,Node,類似・無関係共有,1,0.01369863,73
異なる射影,5,20265849,10,Edge,全共有幹線,0,0.0,55
異なる射影,5,20265849,10,Edge,学習・類似共有,16,0.29090909,55
異なる射影,5,20265849,10,Edge,学習文専用,9,0.16363636,55
異なる射影,5,20265849,10,Edge,類似文専用,9,0.16363636,55
異なる射影,5,20265849,10,Edge,無関係文専用,18,0.32727273,55
異なる射影,5,20265849,10,Edge,学習・無関係共有,3,0.05454545,55
異なる射影,5,20265849,10,Edge,類似・無関係共有,0,0.0,55
異なる射影,5,20265849,20,Node,全共有幹線,1,0.01333333,75
異なる射影,5,20265849,20,Node,学習・類似共有,22,0.29333333,75
異なる射影,5,20265849,20,Node,学習文専用,13,0.17333333,75
異なる射影,5,20265849,20,Node,類似文専用,11,0.14666667,75
異なる射影,5,20265849,20,Node,無関係文専用,24,0.32,75
異なる射影,5,20265849,20,Node,学習・無関係共有,4,0.05333333,75
異なる射影,5,20265849,20,Node,類似・無関係共有,0,0.0,75
異なる射影,5,20265849,20,Edge,全共有幹線,0,0.0,58
異なる射影,5,20265849,20,Edge,学習・類似共有,21,0.36206897,58
異なる射影,5,20265849,20,Edge,学習文専用,8,0.13793103,58
異なる射影,5,20265849,20,Edge,類似文専用,8,0.13793103,58
異なる射影,5,20265849,20,Edge,無関係文専用,17,0.29310345,58
異なる射影,5,20265849,20,Edge,学習・無関係共有,4,0.06896552,58
異なる射影,5,20265849,20,Edge,類似・無関係共有,0,0.0,58
異なる射影,5,20265849,50,Node,全共有幹線,4,0.05128205,78
異なる射影,5,20265849,50,Node,学習・類似共有,22,0.28205128,78
異なる射影,5,20265849,50,Node,学習文専用,15,0.19230769,78
異なる射影,5,20265849,50,Node,類似文専用,11,0.14102564,78
異なる射影,5,20265849,50,Node,無関係文専用,23,0.29487179,78
異なる射影,5,20265849,50,Node,学習・無関係共有,3,0.03846154,78
異なる射影,5,20265849,50,Node,類似・無関係共有,0,0.0,78
異なる射影,5,20265849,50,Edge,全共有幹線,2,0.03278689,61
異なる射影,5,20265849,50,Edge,学習・類似共有,22,0.36065574,61
異なる射影,5,20265849,50,Edge,学習文専用,10,0.16393443,61
異なる射影,5,20265849,50,Edge,類似文専用,8,0.13114754,61
異なる射影,5,20265849,50,Edge,無関係文専用,16,0.26229508,61
異なる射影,5,20265849,50,Edge,学習・無関係共有,3,0.04918033,61
異なる射影,5,20265849,50,Edge,類似・無関係共有,0,0.0,61
