group,checkpoint,entity_type,role,trials,count_mean,count_std,share_mean,share_std
固定射影,0,Edge,全共有幹線,5,3.0,0.0,0.059076923999999996,0.001130532596904663
固定射影,0,Edge,学習・無関係共有,5,0.0,0.0,0.0,0.0
固定射影,0,Edge,学習・類似共有,5,7.2,0.9797958971132712,0.142153848,0.021856983136074752
固定射影,0,Edge,学習文専用,5,8.8,0.9797958971132713,0.172923076,0.015827471053603732
固定射影,0,Edge,無関係文専用,5,19.0,0.0,0.374153848,0.007160044679375687
固定射影,0,Edge,類似・無関係共有,5,0.0,0.0,0.0,0.0
固定射影,0,Edge,類似文専用,5,12.8,0.9797958971132713,0.25169230800000003,0.014320094257730856
固定射影,0,Node,全共有幹線,5,3.0,0.0,0.041216218000000006,0.0005516887768080856
固定射影,0,Node,学習・無関係共有,5,0.0,0.0,0.0,0.0
固定射影,0,Node,学習・類似共有,5,10.2,0.9797958971132713,0.140315316,0.015263338868902309
固定射影,0,Node,学習文専用,5,14.8,0.9797958971132713,0.20315315199999998,0.010665950358426384
固定射影,0,Node,無関係文専用,5,27.0,0.0,0.37094594399999997,0.004965184294334293
固定射影,0,Node,類似・無関係共有,5,0.0,0.0,0.0,0.0
固定射影,0,Node,類似文専用,5,17.8,0.9797958971132713,0.24436936999999997,0.010114261581618284
固定射影,1,Edge,全共有幹線,5,3.0,0.0,0.05953846199999999,0.0009230760000000004
固定射影,1,Edge,学習・無関係共有,5,0.0,0.0,0.0,0.0
固定射影,1,Edge,学習・類似共有,5,8.6,0.7999999999999999,0.170923076,0.018153847999999997
固定射影,1,Edge,学習文専用,5,9.4,0.7999999999999999,0.18630769200000002,0.012615384000000007
固定射影,1,Edge,無関係文専用,5,19.0,0.0,0.377076924,0.005846152000000005
固定射影,1,Edge,類似・無関係共有,5,0.0,0.0,0.0,0.0
固定射影,1,Edge,類似文専用,5,10.4,0.7999999999999999,0.206153846,0.012307691999999992
固定射影,1,Node,全共有幹線,5,3.0,0.0,0.04144144400000001,0.0004504520000000012
固定射影,1,Node,学習・無関係共有,5,0.0,0.0,0.0,0.0
固定射影,1,Node,学習・類似共有,5,11.6,0.7999999999999999,0.160360364,0.012612612
固定射影,1,Node,学習文専用,5,15.4,0.7999999999999999,0.21261261,0.008558559999999993
固定射影,1,Node,無関係文専用,5,27.0,0.0,0.372972972,0.004054055999999994
固定射影,1,Node,類似・無関係共有,5,0.0,0.0,0.0,0.0
固定射影,1,Node,類似文専用,5,15.4,0.7999999999999999,0.21261261,0.008558559999999993
固定射影,5,Edge,全共有幹線,5,3.0,0.0,0.05599730199999999,0.001212935999999998
固定射影,5,Edge,学習・無関係共有,5,0.0,0.0,0.0,0.0
固定射影,5,Edge,学習・類似共有,5,9.0,0.0,0.167991914,0.0036388119999999913
固定射影,5,Edge,学習文専用,5,11.2,0.39999999999999997,0.208894878,0.0026954159999999948
固定射影,5,Edge,無関係文専用,5,19.0,0.0,0.35464959800000007,0.007681943999999997
固定射影,5,Edge,類似・無関係共有,5,0.0,0.0,0.0,0.0
固定射影,5,Edge,類似文専用,5,11.4,0.7999999999999999,0.212466308,0.009838276000000002
固定射影,5,Node,全共有幹線,5,3.0,0.0,0.039692308,0.0006153839999999993
固定射影,5,Node,学習・無関係共有,5,0.0,0.0,0.0,0.0
固定射影,5,Node,学習・類似共有,5,12.0,0.0,0.15876923,0.0024615400000000064
固定射影,5,Node,学習文専用,5,17.2,0.39999999999999997,0.227487182,0.001641024000000002
固定射影,5,Node,無関係文専用,5,27.0,0.0,0.35723077,0.005538459999999999
固定射影,5,Node,類似・無関係共有,5,0.0,0.0,0.0,0.0
固定射影,5,Node,類似文専用,5,16.4,0.7999999999999999,0.21682050999999997,0.0069743600000000015
固定射影,10,Edge,全共有幹線,5,3.0,0.0,0.05263158,0.0
固定射影,10,Edge,学習・無関係共有,5,0.0,0.0,0.0,0.0
固定射影,10,Edge,学習・類似共有,5,9.0,0.0,0.15789474,0.0
固定射影,10,Edge,学習文専用,5,13.0,0.0,0.22807018,0.0
固定射影,10,Edge,無関係文専用,5,19.0,0.0,0.33333333,0.0
固定射影,10,Edge,類似・無関係共有,5,0.0,0.0,0.0,0.0
固定射影,10,Edge,類似文専用,5,13.0,0.0,0.22807018,0.0
固定射影,10,Node,全共有幹線,5,3.0,0.0,0.03797468,0.0
固定射影,10,Node,学習・無関係共有,5,0.0,0.0,0.0,0.0
固定射影,10,Node,学習・類似共有,5,12.0,0.0,0.15189873,0.0
固定射影,10,Node,学習文専用,5,19.0,0.0,0.24050633000000002,2.7755575615628914e-17
固定射影,10,Node,無関係文専用,5,27.0,0.0,0.34177215,0.0
固定射影,10,Node,類似・無関係共有,5,0.0,0.0,0.0,0.0
固定射影,10,Node,類似文専用,5,18.0,0.0,0.22784810000000003,2.7755575615628914e-17
固定射影,20,Edge,全共有幹線,5,3.0,0.0,0.04703297,0.0007177984742251824
固定射影,20,Edge,学習・無関係共有,5,0.0,0.0,0.0,0.0
固定射影,20,Edge,学習・類似共有,5,13.2,0.9797958971132713,0.207179484,0.01842351376769763
固定射影,20,Edge,学習文専用,5,15.8,0.9797958971132713,0.247472528,0.011484785385561871
固定射影,20,Edge,無関係文専用,5,19.0,0.0,0.297875456,0.004546061902405639
固定射影,20,Edge,類似・無関係共有,5,0.0,0.0,0.0,0.0
固定射影,20,Edge,類似文専用,5,12.8,0.9797958971132713,0.200439562,0.012202588758766564
固定射影,20,Node,全共有幹線,5,3.0,0.0,0.035382062000000006,0.0004068945391326862
固定射影,20,Node,学習・無関係共有,5,0.0,0.0,0.0,0.0
固定射影,20,Node,学習・類似共有,5,16.2,0.9797958971132713,0.19119601,0.013698697901822637
固定射影,20,Node,学習文専用,5,21.8,0.9797958971132713,0.256976744,0.008544731433012029
固定射影,20,Node,無関係文専用,5,27.0,0.0,0.318438538,0.0036620263572967474
固定射影,20,Node,類似・無関係共有,5,0.0,0.0,0.0,0.0
固定射影,20,Node,類似文専用,5,16.8,0.9797958971132713,0.198006646,0.00922288736524003
固定射影,50,Edge,全共有幹線,5,3.0,0.0,0.044385030000000006,0.0005347600000000009
固定射影,50,Edge,学習・無関係共有,5,0.0,0.0,0.0,0.0
固定射影,50,Edge,学習・類似共有,5,14.0,0.0,0.207130122,0.002495544000000005
固定射影,50,Edge,学習文専用,5,19.0,0.0,0.281105166,0.0033868119999999947
固定射影,50,Edge,無関係文専用,5,17.0,0.0,0.25151515199999996,0.0030303039999999945
固定射影,50,Edge,類似・無関係共有,5,0.0,0.0,0.0,0.0
固定射影,50,Edge,類似文専用,5,14.6,0.7999999999999999,0.21586453199999997,0.009447415999999998
固定射影,50,Node,全共有幹線,5,3.0,0.0,0.033115198000000005,0.00029633599999999985
固定射影,50,Node,学習・無関係共有,5,0.0,0.0,0.0,0.0
固定射影,50,Node,学習・類似共有,5,17.0,0.0,0.18765279999999998,0.0016792200000000034
固定射影,50,Node,学習文専用,5,25.0,0.0,0.27595999200000004,0.002469443999999998
固定射影,50,Node,無関係文専用,5,26.0,0.0,0.28699839800000004,0.0025682160000000116
固定射影,50,Node,類似・無関係共有,5,0.0,0.0,0.0,0.0
固定射影,50,Node,類似文専用,5,19.6,0.7999999999999999,0.21627361399999998,0.007013212000000002
異なる射影,0,Edge,全共有幹線,5,1.0,1.2649110640673518,0.019457014,0.02468449218376396
異なる射影,0,Edge,学習・無関係共有,5,2.0,1.8973665961010275,0.03709956600000001,0.03406278475948119
異なる射影,0,Edge,学習・類似共有,5,5.0,4.732863826479693,0.10002811,0.09970752846002012
異なる射影,0,Edge,学習文専用,5,12.4,3.3823069050575527,0.23424213200000002,0.056989052512497654
異なる射影,0,Edge,無関係文専用,5,16.8,1.1661903789690602,0.32223110200000005,0.034931757161601476
異なる射影,0,Edge,類似・無関係共有,5,1.0,0.8944271909999159,0.018756734,0.01661440704393341
異なる射影,0,Edge,類似文専用,5,14.2,3.4871191548325386,0.268185344,0.05450731927842925
異なる射影,0,Node,全共有幹線,5,1.8,1.9390719429665317,0.024927112,0.026693700573140022
異なる射影,0,Node,学習・無関係共有,5,3.2,2.1354156504062622,0.04328399200000001,0.027761645507389795
異なる射影,0,Node,学習・類似共有,5,7.2,5.491812087098393,0.101355636,0.0786941602344361
異なる射影,0,Node,学習文専用,5,16.6,3.6110940170535577,0.226071008,0.04150265026407175
異なる射影,0,Node,無関係文専用,5,23.2,1.6,0.31866174199999997,0.0289356183961065
異なる射影,0,Node,類似・無関係共有,5,1.8,1.469693845669907,0.024380046,0.02012297423285991
異なる射影,0,Node,類似文専用,5,19.2,3.9698866482558417,0.26132045800000003,0.04267784673441545
異なる射影,1,Edge,全共有幹線,5,1.0,1.2649110640673518,0.01923077,0.024325213743534503
異なる射影,1,Edge,学習・無関係共有,5,2.2,1.7204650534085253,0.040977674,0.030653889587874877
異なる射影,1,Edge,学習・類似共有,5,5.6,5.0039984012787215,0.11065469000000001,0.10309058468346738
異なる射影,1,Edge,学習文専用,5,12.4,3.3823069050575527,0.233626956,0.05772338655112903
異なる射影,1,Edge,無関係文専用,5,16.4,1.2000000000000002,0.31308070200000004,0.03403150553082623
異なる射影,1,Edge,類似・無関係共有,5,1.0,0.8944271909999159,0.01868132,0.016611228127122932
異なる射影,1,Edge,類似文専用,5,14.0,3.521363372331802,0.26374789199999993,0.057010010523682035
異なる射影,1,Node,全共有幹線,5,1.8,1.9390719429665317,0.02466375,0.026299652112609397
異なる射影,1,Node,学習・無関係共有,5,3.2,2.1354156504062622,0.04340136600000001,0.02799138296271451
異なる射影,1,Node,学習・類似共有,5,7.8,5.81033561853358,0.10943516999999998,0.08317964817477722
異なる射影,1,Node,学習文専用,5,16.8,3.7094473981982814,0.22810201999999996,0.042755097674113195
異なる射影,1,Node,無関係文専用,5,23.0,1.6733200530681511,0.314997506,0.02898998727828807
異なる射影,1,Node,類似・無関係共有,5,1.8,1.469693845669907,0.024225651999999997,0.019874978582884964
異なる射影,1,Node,類似文専用,5,18.8,4.261455150532504,0.25517453999999995,0.047959577919872896
異なる射影,5,Edge,全共有幹線,5,1.2,1.5999999999999999,0.022501748,0.03012001499858219
異なる射影,5,Edge,学習・無関係共有,5,2.4,1.624807680927192,0.042988404,0.028217300544264398
異なる射影,5,Edge,学習・類似共有,5,6.8,4.874423042781576,0.127089162,0.09435107729251097
異なる射影,5,Edge,学習文専用,5,13.0,3.1622776601683795,0.23550377599999997,0.0499695750825166
異なる射影,5,Edge,無関係文専用,5,16.4,1.4966629547095767,0.300262106,0.03514852925558997
異なる射影,5,Edge,類似・無関係共有,5,1.0,0.8944271909999159,0.018198536,0.016142832893701897
異なる射影,5,Edge,類似文専用,5,14.0,3.521363372331802,0.25345626999999993,0.05564167398472013
異なる射影,5,Node,全共有幹線,5,2.0,2.280350850198276,0.026774774,0.030452817467765177
異なる射影,5,Node,学習・無関係共有,5,3.4,2.0591260281974,0.044774776,0.02617322613671658
異なる射影,5,Node,学習・類似共有,5,8.8,5.912698199637793,0.11954955,0.0818837946077767
異なる射影,5,Node,学習文専用,5,17.6,3.5552777669262356,0.23299849999999997,0.040592741642873534
異なる射影,5,Node,無関係文専用,5,22.8,1.469693845669907,0.30386786600000004,0.02641040099936357
異なる射影,5,Node,類似・無関係共有,5,2.0,1.2649110640673518,0.026421919999999998,0.01664907013728034
異なる射影,5,Node,類似文専用,5,18.6,4.5431266766402185,0.24561261399999998,0.051501184149659554
異なる射影,10,Edge,全共有幹線,5,1.4,1.9595917942265426,0.025764476,0.03679669420257511
異なる射影,10,Edge,学習・無関係共有,5,2.6,1.624807680927192,0.044754794,0.027680869787582617
異なる射影,10,Edge,学習・類似共有,5,7.0,5.176871642217914,0.125171626,0.0946309570272102
異なる射影,10,Edge,学習文専用,5,15.0,3.847076812334269,0.261152702,0.05888039509052479
異なる射影,10,Edge,無関係文専用,5,16.2,1.16619037896906,0.285070166,0.02726577661952185
異なる射影,10,Edge,類似・無関係共有,5,1.0,0.8944271909999159,0.017449798,0.015308019545297686
異なる射影,10,Edge,類似文専用,5,13.8,3.1240998703626617,0.240636436,0.04682513963113131
異なる射影,10,Node,全共有幹線,5,2.2,2.638181191654584,0.028710762,0.03466927208487677
異なる射影,10,Node,学習・無関係共有,5,3.6,2.0591260281974,0.04627237000000001,0.025871165803086647
異なる射影,10,Node,学習・類似共有,5,8.6,6.151422599691879,0.11450024399999999,0.08460895832001068
異なる射影,10,Node,学習文専用,5,19.6,4.454211490264018,0.252218002,0.04937740156116214
異なる射影,10,Node,無関係文専用,5,22.6,1.2,0.29355886600000003,0.024599165378219327
異なる射影,10,Node,類似・無関係共有,5,2.0,1.2649110640673518,0.02554219,0.01572110404601407
異なる射影,10,Node,類似文専用,5,18.6,4.5431266766402185,0.239197564,0.05008155168963941
異なる射影,20,Edge,全共有幹線,5,2.4,3.1999999999999997,0.041904762,0.056696670001835696
異なる射影,20,Edge,学習・無関係共有,5,3.2,2.039607805437114,0.053793104,0.03418569448431352
異なる射影,20,Edge,学習・類似共有,5,9.0,6.782329983125268,0.15408046,0.11686982087493059
異なる射影,20,Edge,学習文専用,5,15.0,3.8987177379235853,0.254490968,0.06368278760327954
異なる射影,20,Edge,無関係文専用,5,15.4,1.0198039027185568,0.26219211800000003,0.01994543517715409
異なる射影,20,Edge,類似・無関係共有,5,0.8,0.9797958971132713,0.013333332,0.01632992998556136
異なる射影,20,Edge,類似文専用,5,13.0,3.40587727318528,0.220205254,0.05404040819973905
異なる射影,20,Node,全共有幹線,5,3.2,3.655133376499413,0.040905094,0.046726570386027094
異なる射影,20,Node,学習・無関係共有,5,3.8,2.2271057451320084,0.048385228,0.028181018172125295
異なる射影,20,Node,学習・類似共有,5,10.4,7.002856560004639,0.135315018,0.09363807450894245
異なる射影,20,Node,学習文専用,5,19.4,4.029888335921977,0.24611347,0.0441440365285446
異なる射影,20,Node,無関係文専用,5,22.2,1.16619037896906,0.283678348,0.021211896949560546
異なる射影,20,Node,類似・無関係共有,5,1.6,1.624807680927192,0.019914476000000004,0.020120735349405696
異なる射影,20,Node,類似文専用,5,17.8,4.874423042781577,0.225688362,0.056141133666365306
異なる射影,50,Edge,全共有幹線,5,3.4,3.7735924528226414,0.055840299999999995,0.06344891427573746
異なる射影,50,Edge,学習・無関係共有,5,3.2,1.9390719429665317,0.05104666,0.03156541378712024
異なる射影,50,Edge,学習・類似共有,5,10.4,7.059745037889116,0.167255006,0.11552055130718544
異なる射影,50,Edge,学習文専用,5,16.6,4.079215610874227,0.266020052,0.06200693423284768
異なる射影,50,Edge,無関係文専用,5,15.0,1.4142135623730951,0.24088998999999997,0.01754340975894253
異なる射影,50,Edge,類似・無関係共有,5,1.2,0.9797958971132713,0.019490886,0.01594583272329244
異なる射影,50,Edge,類似文専用,5,12.4,3.3823069050575527,0.199457116,0.05504008695150277
異なる射影,50,Node,全共有幹線,5,4.4,4.223742416388575,0.05408977,0.05207328593594954
異なる射影,50,Node,学習・無関係共有,5,4.0,2.449489742783178,0.048635074,0.02959736976072272
異なる射影,50,Node,学習・類似共有,5,11.4,7.002856560004639,0.14116042,0.0897164071170742
異なる射影,50,Node,学習文専用,5,20.8,4.166533331199932,0.253160602,0.044798551814514455
異なる射影,50,Node,無関係文専用,5,21.6,0.8,0.26446953399999995,0.016278918694246993
異なる射影,50,Node,類似・無関係共有,5,2.0,1.4142135623730951,0.024017976000000003,0.01670348201992579
異なる射影,50,Node,類似文専用,5,17.6,4.963869458396342,0.21446662,0.05816242302251479
