group,trial,projection_seed,k,edge_count,loss,silhouette,stability,stability_std_within
固定射影,1,20260804,2,152,201.05732801595215,0.3028490321181578,1.0,0.0
固定射影,1,20260804,3,152,167.26753095975232,0.26977810629074217,0.8493486406413384,0.06762730181798847
固定射影,1,20260804,4,152,149.8422977506462,0.2705710977042614,0.7859663645869641,0.047710185482356185
固定射影,1,20260804,5,152,132.56398724082936,0.3152961322134268,0.8332933949111188,0.047972612767745296
固定射影,1,20260804,6,152,118.97804511278196,0.3857872350581983,0.7937107877309166,0.037500795937896514
固定射影,1,20260804,7,152,104.11448360720806,0.40477742910397857,0.8784637504356919,0.0217548485490905
固定射影,1,20260804,8,152,94.94317460317461,0.44673792111320315,0.8851625130707563,0.02052494625800678
固定射影,2,20260804,2,152,201.05732801595215,0.3028490321181578,0.9951311432554897,0.01288178411517374
固定射影,2,20260804,3,152,167.464513718373,0.27251958872667165,0.8371056988497735,0.0815519643722449
固定射影,2,20260804,4,152,147.8791317804849,0.273115733356631,0.8030672708260718,0.09298251652455078
固定射影,2,20260804,5,152,134.70984645248532,0.2938505374457127,0.8136872603694667,0.04917325626304437
固定射影,2,20260804,6,152,120.76455026455027,0.3367863123293151,0.8450135064482398,0.046198790004300494
固定射影,2,20260804,7,152,101.85329634246042,0.40372237297096575,0.8487713489020565,0.03310682082831831
固定射影,2,20260804,8,152,93.85277777777779,0.4419067044024633,0.898385761589404,0.01863439636152764
固定射影,3,20260804,2,152,201.05732801595215,0.3028490321181578,1.0,0.0
固定射影,3,20260804,3,152,167.2992750783699,0.26847540100178074,0.8546531892645521,0.0856617103475561
固定射影,3,20260804,4,152,148.3151515151515,0.2662448074127861,0.823065528058557,0.0578814488133231
固定射影,3,20260804,5,152,133.41378382016424,0.3072868271077825,0.790660944579993,0.0542956159651567
固定射影,3,20260804,6,152,119.12031594758359,0.3820618700095209,0.8072716974555594,0.034017569419354764
固定射影,3,20260804,7,152,107.10956937799043,0.3921744634349917,0.8073152666434298,0.027680762105937534
固定射影,3,20260804,8,152,99.69285407088488,0.38706641619774207,0.8618965667479959,0.021320449199470924
固定射影,4,20260804,2,152,201.05732801595215,0.3028490321181578,0.9605481003834089,0.09055986185373952
固定射影,4,20260804,3,152,167.26753095975232,0.26977810629074217,0.8357441617288254,0.08779522172754071
固定射影,4,20260804,4,152,147.6223862500568,0.2753578127626656,0.7862604566050889,0.04025546430934597
固定射影,4,20260804,5,152,132.79837164750958,0.31988926712827576,0.8133604914604392,0.05951200900524676
固定射影,4,20260804,6,152,116.47997835497836,0.3466355541376774,0.8444362147089579,0.031415038650235594
固定射影,4,20260804,7,152,101.35475601228778,0.42173254482708233,0.8776250435691879,0.02957397836205242
固定射影,4,20260804,8,152,97.85556356305784,0.3980974292681189,0.8556117113976995,0.0325683977934657
固定射影,5,20260804,2,152,201.05732801595215,0.3028490321181578,1.0,0.0
固定射影,5,20260804,3,152,168.32652329749104,0.27461044695658776,0.8512874695015684,0.062364585135302984
固定射影,5,20260804,4,152,150.26934584655726,0.2691913177123326,0.7536598117811084,0.06353445356138326
固定射影,5,20260804,5,152,133.94420354864434,0.31558324495853596,0.7812282154060648,0.07834955045375955
固定射影,5,20260804,6,152,117.54141376167692,0.3624430417024392,0.816355873126525,0.03301506779083635
固定射影,5,20260804,7,152,101.95818449285268,0.4132758729183177,0.858748692924364,0.024092815430248483
固定射影,5,20260804,8,152,96.09011164274321,0.4104515758771441,0.8717105263157895,0.016317620631082847
固定射影,6,20260804,2,152,201.06509988249118,0.29546647584176017,0.965918002788428,0.012881784115173742
固定射影,6,20260804,3,152,167.37608157587908,0.27115221676590384,0.8655672708260718,0.10397275946531577
固定射影,6,20260804,4,152,148.21229024525172,0.277816909712746,0.7975775531544091,0.06470028799671779
固定射影,6,20260804,5,152,134.41376518218624,0.3139995130030508,0.7822629836179853,0.024647484678378125
固定射影,6,20260804,6,152,117.99211071156151,0.34849282613336763,0.8480742418961311,0.061147100619124685
固定射影,6,20260804,7,152,100.90162121604953,0.4177822246323073,0.8712421575461833,0.034880119768908736
固定射影,6,20260804,8,152,92.42620946305158,0.4507020379642944,0.9014682816312304,0.015979842352951124
異なる射影,1,20261813,2,141,207.66804878048782,0.24446425417340167,0.8368541033434651,0.07483519142813196
異なる射影,1,20261813,3,141,178.0834481932043,0.23156317854328803,0.7733029381965553,0.1436805939753217
異なる射影,1,20261813,4,141,160.1970124249616,0.24017457831139344,0.7050785207700101,0.0657925700122421
異なる射影,1,20261813,5,141,136.1340662344763,0.2757355697038957,0.8393743667679838,0.04835740959968073
異なる射影,1,20261813,6,141,124.68533231692297,0.31936599499442486,0.8418313069908814,0.05011164849586441
異なる射影,1,20261813,7,141,110.61601604278076,0.338294804831974,0.8677431610942249,0.01424424138545422
異なる射影,1,20261813,8,141,101.10805958747135,0.36649296766023987,0.8837132725430598,0.03182376909044559
異なる射影,2,20262822,2,138,207.13541666666669,0.2540687225885192,0.9964032582249022,0.009516084267025913
異なる射影,2,20262822,3,138,172.7822099418846,0.2558002294958003,0.9341611128742198,0.05672646161413375
異なる射影,2,20262822,4,138,154.6055796055796,0.22889159663164504,0.8199116682534645,0.052543430492586723
異なる射影,2,20262822,5,138,138.2336160216595,0.25602010066243114,0.8398127578546493,0.05394380793249859
異なる射影,2,20262822,6,138,126.95827922077922,0.2860956449944071,0.7989527134243097,0.019786039290087386
異なる射影,2,20262822,7,138,117.32305841553267,0.28325872446662614,0.8526129271130858,0.02951774550408166
異なる射影,2,20262822,8,138,104.07210144927535,0.34517261542497174,0.8748413202158045,0.020293817371227315
異なる射影,3,20263831,2,154,205.73214285714283,0.20473326334369904,0.7512307953484424,0.21657410415405226
異なる射影,3,20263831,3,154,173.05128205128204,0.22270003408506506,0.781480774127833,0.06938616138910307
異なる射影,3,20263831,4,154,156.0403133903134,0.23636857058270022,0.7462757830404889,0.09084257570413964
異なる射影,3,20263831,5,154,144.2502304069352,0.23443060669557803,0.7272196757490875,0.03936413187332325
異なる射影,3,20263831,6,154,124.75017939806672,0.2765056595302982,0.7898947457770986,0.06931212078752455
異なる射影,3,20263831,7,154,111.62735814909728,0.3127604613007438,0.8287496816908582,0.0265123470025798
異なる射影,3,20263831,8,154,99.04274365469412,0.37684519349574075,0.8628193701723114,0.02534236356870907
異なる射影,4,20264840,2,152,207.12942612942612,0.3406473399341199,0.9934646218194493,0.011319607055390897
異なる射影,4,20264840,3,152,179.9422084141185,0.21844672999642625,0.8262678633670268,0.12604593723994525
異なる射影,4,20264840,4,152,160.01921267138658,0.24339162700764222,0.773069884977344,0.09443877254244093
異なる射影,4,20264840,5,152,144.11118409508413,0.27783721708543624,0.7567205472289996,0.04011488351135103
異なる射影,4,20264840,6,152,132.53165786615736,0.2898932013311728,0.8010413035901012,0.03027132962090943
異なる射影,4,20264840,7,152,119.66312113650247,0.327411272996371,0.8569514639247124,0.05110318318681038
異なる射影,4,20264840,8,152,110.09768663550295,0.3534277826051377,0.8796945799930289,0.029499909733516474
異なる射影,5,20265849,2,123,198.75977443609023,0.2934928896467258,1.0,0.0
異なる射影,5,20265849,3,123,172.1494092114782,0.21611483741001344,0.8590896974543516,0.07037831144695945
異なる射影,5,20265849,4,123,154.66931042884988,0.2377545890314636,0.7614620818339332,0.05332282602166858
異なる射影,5,20265849,5,123,134.99092440215264,0.2762281344144311,0.8098260695721711,0.05156659992285786
異なる射影,5,20265849,6,123,125.4821590518185,0.2830477343366259,0.8221378115420498,0.03333073264609778
異なる射影,5,20265849,7,123,109.94062307649264,0.3250558864987395,0.863704518192723,0.023709138892043954
異なる射影,5,20265849,8,123,100.12687312687314,0.35142962874653555,0.8772324403571905,0.01568143492797654
異なる射影,6,20266858,2,139,202.84476843910807,0.3179853505465021,1.0,0.0
異なる射影,6,20266858,3,139,178.71129068462403,0.2070999346296727,0.842860494213325,0.11331314439203298
異なる射影,6,20266858,4,139,156.02976384049555,0.24034387225723075,0.7576634344698154,0.11317682178794385
異なる射影,6,20266858,5,139,142.14017094017095,0.2542343540082415,0.7984829527682202,0.06049177805855377
異なる射影,6,20266858,6,139,122.86021769674517,0.30588887161111544,0.8399280575539568,0.03648125113822564
異なる射影,6,20266858,7,139,110.2949938949939,0.3478456105601893,0.8490902929830049,0.0526689844752183
異なる射影,6,20266858,8,139,99.19946886446886,0.36558362042048265,0.8868600771556667,0.022054292146667324
