group,trial,function_type,present,edge_count,centroid_similarity,signature_similarity,role_match,feature_0,feature_1,feature_2,feature_3,feature_4,feature_5,feature_6,feature_7,feature_8,feature_9,drop_0,drop_1,drop_2,drop_3
固定射影,1,天気共通クラスタ,0,0,0.0,0.0,0.0,0.0,0.0,0.0,0.0,0.0,0.0,0.0,0.0,0.0,0.0,0.0,0.0,0.0,0.0
固定射影,2,天気共通クラスタ,0,0,0.0,0.0,0.0,0.0,0.0,0.0,0.0,0.0,0.0,0.0,0.0,0.0,0.0,0.0,0.0,0.0,0.0
固定射影,3,天気共通クラスタ,1,23,0.9995401212842211,0.9998757357530451,1.0,1.0,0.21739130434782608,0.782608695652174,0.9130434782608695,0.0,0.391304347826087,0.6956521739130435,0.0,1.0,0.0,0.4878787878787878,0.0,0.6225,0.0
固定射影,4,天気共通クラスタ,1,21,0.9995508447261423,0.999817181996042,1.0,1.0,0.14285714285714285,0.7619047619047619,1.0,0.0,0.42857142857142855,0.6666666666666666,0.0,1.0,0.0,0.38409090909090904,0.0,0.5269444444444444,0.0
固定射影,5,天気共通クラスタ,0,0,0.0,0.0,0.0,0.0,0.0,0.0,0.0,0.0,0.0,0.0,0.0,0.0,0.0,0.0,0.0,0.0,0.0
固定射影,6,天気共通クラスタ,0,0,0.0,0.0,0.0,0.0,0.0,0.0,0.0,0.0,0.0,0.0,0.0,0.0,0.0,0.0,0.0,0.0,0.0
固定射影,7,天気共通クラスタ,0,0,0.0,0.0,0.0,0.0,0.0,0.0,0.0,0.0,0.0,0.0,0.0,0.0,0.0,0.0,0.0,0.0,0.0
固定射影,8,天気共通クラスタ,0,0,0.0,0.0,0.0,0.0,0.0,0.0,0.0,0.0,0.0,0.0,0.0,0.0,0.0,0.0,0.0,0.0,0.0
固定射影,1,晴れ中心クラスタ,1,29,0.9880771169572409,0.9995580479916649,1.0,1.0,0.3793103448275862,0.8275862068965517,0.7241379310344828,0.0,0.3103448275862069,0.7586206896551724,0.0,0.7931034482758621,0.0,0.6393939393939394,0.0,0.6225,0.0
固定射影,2,晴れ中心クラスタ,1,24,0.9947929031495008,0.9995580479916649,1.0,1.0,0.4583333333333333,1.0,0.6666666666666666,0.0,0.20833333333333334,0.9166666666666666,0.0,0.75,0.0,0.6393939393939394,0.0,0.6225,0.0
固定射影,3,晴れ中心クラスタ,1,28,0.6174958483177547,0.9152063907031122,1.0,0.2857142857142857,1.0,0.21428571428571427,0.0,0.0,0.0,0.21428571428571427,0.0,0.07142857142857142,0.0,0.1515151515151515,0.0,0.05166666666666664,0.0
固定射影,4,晴れ中心クラスタ,1,10,0.8993044621499336,0.8944704551203522,1.0,1.0,0.8,0.8,0.0,0.0,0.0,1.0,0.0,0.2,0.1,0.3113636363636364,0.0,0.09555555555555562,0.04627949183303082
固定射影,5,晴れ中心クラスタ,1,32,0.9868048586989459,0.9968828565407455,0.0,1.0,0.34375,0.75,0.65625,0.0,0.28125,0.71875,0.0,0.78125,0.0,0.6674242424242425,0.0,0.7180555555555556,0.0
固定射影,6,晴れ中心クラスタ,1,29,0.9880771169572409,0.9995580479916649,1.0,1.0,0.3793103448275862,0.8275862068965517,0.7241379310344828,0.0,0.3103448275862069,0.7586206896551724,0.0,0.7931034482758621,0.0,0.6393939393939394,0.0,0.6225,0.0
固定射影,7,晴れ中心クラスタ,1,29,0.9880771169572409,0.9995580479916649,1.0,1.0,0.3793103448275862,0.8275862068965517,0.7241379310344828,0.0,0.3103448275862069,0.7586206896551724,0.0,0.7931034482758621,0.0,0.6393939393939394,0.0,0.6225,0.0
固定射影,8,晴れ中心クラスタ,1,25,0.9945559244533662,0.9995580479916649,1.0,1.0,0.44,0.96,0.68,0.0,0.2,0.88,0.0,0.76,0.0,0.6393939393939394,0.0,0.6225,0.0
固定射影,1,雨中心クラスタ,1,32,0.9955862235876296,0.9969467777233314,1.0,0.0,0.1875,0.15625,0.65625,0.59375,0.625,0.0,0.75,0.0,0.0,0.0,0.6477272727272727,0.0,0.0
固定射影,2,雨中心クラスタ,1,43,0.9599709512803765,0.9956268947790571,1.0,0.0,0.13636363636363635,0.11904761904761904,0.47943722943722944,0.7045454545454546,0.45779220779220775,0.0,0.5508658008658008,0.0,0.023809523809523808,0.0,0.6477272727272727,0.0,0.04627949183303082
固定射影,3,雨中心クラスタ,1,50,0.9814803598030227,0.9956268947790571,1.0,0.0,0.1,0.08333333333333333,0.44166666666666665,0.5,0.6,0.0,0.48333333333333334,0.0,0.016666666666666666,0.0,0.6477272727272727,0.0,0.04627949183303082
固定射影,4,雨中心クラスタ,1,35,0.9650272356240688,0.9966744379131023,1.0,0.05714285714285714,0.17142857142857143,0.2,0.5142857142857142,0.45714285714285713,0.4,0.14285714285714285,0.9428571428571428,0.0,0.0,0.13181818181818183,0.875,0.0,0.0
固定射影,5,雨中心クラスタ,1,27,0.9282850907019422,0.9969467777233314,1.0,0.0,0.2222222222222222,0.0,0.5185185185185185,0.3333333333333333,1.0,0.0,0.5185185185185185,0.0,0.0,0.0,0.38409090909090904,0.0,0.0
固定射影,6,雨中心クラスタ,1,22,0.9800387758312958,0.9969467777233314,1.0,0.0,0.2727272727272727,0.0,0.8636363636363636,0.4090909090909091,0.7727272727272727,0.0,0.8636363636363636,0.0,0.0,0.0,0.5159090909090909,0.0,0.0
固定射影,7,雨中心クラスタ,1,34,0.9796783145100715,0.9958539053494225,1.0,0.0,0.17647058823529413,0.20588235294117646,0.5588235294117647,0.4117647058823529,0.5,0.14705882352941177,0.9117647058823529,0.0,0.0,0.13181818181818183,0.818939393939394,0.0,0.0
固定射影,8,雨中心クラスタ,1,50,0.9794006000585861,0.9904655887269204,1.0,0.11714770797962648,0.0967741935483871,0.18421052631578946,0.4219015280135824,0.3556876061120543,0.5,0.13157894736842105,0.7258064516129032,0.06451612903225806,0.0,0.13181818181818183,0.875,0.12138888888888888,0.0
固定射影,1,曖昧・橋渡しクラスタ,1,23,0.8778684205145062,0.9153928855605954,1.0,0.21739130434782608,0.0,0.08695652173913043,0.0,0.0,0.0,0.43478260869565216,0.391304347826087,0.4782608695652174,0.0,0.271969696969697,0.2439393939393939,0.2763888888888889,0.0
固定射影,2,曖昧・橋渡しクラスタ,1,18,0.9474107411393893,0.9133532654727795,1.0,0.5,0.1111111111111111,0.0,0.2777777777777778,0.0,0.2222222222222222,0.1111111111111111,0.0,1.0,0.0,0.05606060606060592,0.0,0.4494444444444444,0.0
固定射影,3,曖昧・橋渡しクラスタ,0,0,0.0,0.0,0.0,0.0,0.0,0.0,0.0,0.0,0.0,0.0,0.0,0.0,0.0,0.0,0.0,0.0,0.0
固定射影,4,曖昧・橋渡しクラスタ,0,0,0.0,0.0,0.0,0.0,0.0,0.0,0.0,0.0,0.0,0.0,0.0,0.0,0.0,0.0,0.0,0.0,0.0
固定射影,5,曖昧・橋渡しクラスタ,0,0,0.0,0.0,0.0,0.0,0.0,0.0,0.0,0.0,0.0,0.0,0.0,0.0,0.0,0.0,0.0,0.0,0.0
固定射影,6,曖昧・橋渡しクラスタ,0,0,0.0,0.0,0.0,0.0,0.0,0.0,0.0,0.0,0.0,0.0,0.0,0.0,0.0,0.0,0.0,0.0,0.0
固定射影,7,曖昧・橋渡しクラスタ,0,0,0.0,0.0,0.0,0.0,0.0,0.0,0.0,0.0,0.0,0.0,0.0,0.0,0.0,0.0,0.0,0.0,0.0
固定射影,8,曖昧・橋渡しクラスタ,0,0,0.0,0.0,0.0,0.0,0.0,0.0,0.0,0.0,0.0,0.0,0.0,0.0,0.0,0.0,0.0,0.0,0.0
固定射影,1,混合・補助クラスタ,1,68,0.9217476818403371,0.9426943805587431,1.0,0.09980237154150198,0.5,0.09782608695652174,0.0,0.11956521739130435,0.07608695652173914,0.010869565217391304,0.0,0.045454545454545456,0.20652173913043478,0.028030303030303072,0.0,0.05166666666666664,0.8551724137931035
固定射影,2,混合・補助クラスタ,1,67,0.9249728481818439,0.9623281532982491,1.0,0.11940298507462686,0.29850746268656714,0.16417910447761194,0.0,0.0,0.1044776119402985,0.13432835820895522,0.13432835820895522,0.0,0.26865671641791045,0.2439393939393939,0.2439393939393939,0.0,0.8551724137931035
固定射影,3,混合・補助クラスタ,1,51,0.6910828777499429,0.99259409060382,1.0,0.19607843137254902,0.0,0.21568627450980393,0.0,0.0,0.0,0.21568627450980393,0.17647058823529413,0.21568627450980393,0.35294117647058826,0.30000000000000004,0.2439393939393939,0.2763888888888889,0.8551724137931035
固定射影,4,混合・補助クラスタ,1,86,0.8960548257443511,0.9729555567232854,1.0,0.09232954545454546,0.5,0.0703125,0.0234375,0.109375,0.1015625,0.03125,0.0,0.13139204545454547,0.140625,0.11212121212121207,0.0,0.32805555555555554,0.8551724137931035
固定射影,5,混合・補助クラスタ,1,93,0.9822030507676153,0.9532418649820963,1.0,0.09744203165255798,0.3333333333333333,0.12483130904183536,0.04487179487179487,0.14574898785425103,0.0,0.0752361673414305,0.12179487179487179,0.08799533799533799,0.3333333333333333,0.271969696969697,0.49924242424242427,0.2841666666666667,0.8551724137931035
固定射影,6,混合・補助クラスタ,1,101,0.9939239083904412,0.9772532285799668,1.0,0.10983519404572036,0.3333333333333333,0.11286549707602339,0.011111111111111112,0.1286549707602339,0.05555555555555555,0.07309941520467836,0.07777777777777778,0.0914141414141414,0.3333333333333333,0.30000000000000004,0.36742424242424243,0.32805555555555554,0.8551724137931035
固定射影,7,混合・補助クラスタ,1,89,0.8586186962825678,0.9866831367631475,1.0,0.09566250742721331,0.3333333333333333,0.05882352941176471,0.041666666666666664,0.3333333333333333,0.10825163398692811,0.0392156862745098,0.013071895424836602,0.10219845513963162,0.13848039215686275,0.1681818181818182,0.05606060606060592,0.32805555555555554,0.8551724137931035
固定射影,8,混合・補助クラスタ,1,77,0.9415479704237303,0.9770225826734957,1.0,0.11689291101055807,0.21568627450980393,0.17307692307692307,0.0196078431372549,0.13687782805429866,0.0,0.06825037707390649,0.0,0.12745098039215685,0.36538461538461536,0.1681818181818182,0.0,0.32805555555555554,0.8551724137931035
異なる射影,1,天気共通クラスタ,1,8,0.8933556254428625,0.7582353753806578,1.0,0.0,0.875,1.0,0.875,0.375,1.0,0.0,1.0,0.875,0.0,0.0,0.19481058640373639,0.16746411483253587,0.0
異なる射影,2,天気共通クラスタ,0,0,0.0,0.0,0.0,0.0,0.0,0.0,0.0,0.0,0.0,0.0,0.0,0.0,0.0,0.0,0.0,0.0,0.0
異なる射影,3,天気共通クラスタ,0,0,0.0,0.0,0.0,0.0,0.0,0.0,0.0,0.0,0.0,0.0,0.0,0.0,0.0,0.0,0.0,0.0,0.0
異なる射影,4,天気共通クラスタ,1,23,0.9450089048569632,0.9352292865669825,1.0,1.0,0.9130434782608695,0.6956521739130435,0.5217391304347826,0.6521739130434783,0.9565217391304348,1.0,0.6521739130434783,0.17391304347826086,0.0,0.623766447368421,0.4083213773314204,0.1129342202512933,0.0
異なる射影,5,天気共通クラスタ,1,14,0.9940896346682689,0.9856711093480696,1.0,0.8571428571428571,0.7857142857142857,1.0,1.0,0.8571428571428571,1.0,0.5714285714285714,1.0,0.8571428571428571,0.07142857142857142,0.2605045492142266,0.34611111111111104,0.25273556231003047,0.03560606060606064
異なる射影,6,天気共通クラスタ,0,0,0.0,0.0,0.0,0.0,0.0,0.0,0.0,0.0,0.0,0.0,0.0,0.0,0.0,0.0,0.0,0.0,0.0
異なる射影,7,天気共通クラスタ,0,0,0.0,0.0,0.0,0.0,0.0,0.0,0.0,0.0,0.0,0.0,0.0,0.0,0.0,0.0,0.0,0.0,0.0
異なる射影,8,天気共通クラスタ,1,18,0.9629994991941326,0.9655611569800783,1.0,1.0,0.7222222222222222,0.7222222222222222,0.7222222222222222,1.0,0.7222222222222222,0.9444444444444444,0.5,0.7777777777777778,0.0,0.37083333333333335,0.2268989547038327,0.3458333333333333,0.0
異なる射影,1,晴れ中心クラスタ,1,14,0.8558087361793796,0.9809780198905613,1.0,1.0,0.0,0.2857142857142857,0.8571428571428571,0.0,0.0,1.0,0.2857142857142857,0.9285714285714286,0.42857142857142855,0.41500000000000004,0.08575505967825636,0.30191387559808613,0.21397058823529402
異なる射影,2,晴れ中心クラスタ,0,0,0.0,0.0,0.0,0.0,0.0,0.0,0.0,0.0,0.0,0.0,0.0,0.0,0.0,0.0,0.0,0.0,0.0
異なる射影,3,晴れ中心クラスタ,1,23,0.7760041286951428,0.9563142162277682,1.0,0.0,0.43478260869565216,1.0,0.0,0.782608695652174,0.0,0.782608695652174,0.0,0.21739130434782608,0.13043478260869565,0.4962121212121212,0.0,0.15206896551724147,0.17304900181488203
異なる射影,4,晴れ中心クラスタ,0,0,0.0,0.0,0.0,0.0,0.0,0.0,0.0,0.0,0.0,0.0,0.0,0.0,0.0,0.0,0.0,0.0,0.0
異なる射影,5,晴れ中心クラスタ,1,20,0.9542179221576568,0.9895413705215571,1.0,1.0,0.25,1.0,0.5,0.2,0.0,0.7,0.05,0.7,0.1,0.3922663358147229,0.025833333333333375,0.30602836879432627,0.07121212121212106
異なる射影,6,晴れ中心クラスタ,1,15,0.9093505415443373,0.859318362968156,1.0,0.9333333333333333,1.0,0.6666666666666666,0.8666666666666667,0.8666666666666667,0.4,1.0,0.0,0.06666666666666667,0.0,0.36425531914893616,0.0,0.02659214092140927,0.0
異なる射影,7,晴れ中心クラスタ,1,41,0.9572271528446566,0.9737001811625158,1.0,0.7897435897435897,0.3551282051282051,0.5871794871794872,0.2576923076923077,0.13333333333333333,0.41025641025641024,0.7307692307692308,0.16666666666666666,0.4807692307692308,0.1,0.7652467685076381,0.24605911330049257,0.7234883720930232,0.16225961538461542
異なる射影,8,晴れ中心クラスタ,0,0,0.0,0.0,0.0,0.0,0.0,0.0,0.0,0.0,0.0,0.0,0.0,0.0,0.0,0.0,0.0,0.0,0.0
異なる射影,1,雨中心クラスタ,1,22,0.8704109203879279,0.9386220279465771,1.0,0.13636363636363635,0.0,0.0,0.2727272727272727,0.9545454545454546,0.36363636363636365,0.09090909090909091,0.5909090909090909,0.45454545454545453,0.3181818181818182,0.06642857142857139,0.38121432278152567,0.26770334928229667,0.31580882352941186
異なる射影,2,雨中心クラスタ,0,0,0.0,0.0,0.0,0.0,0.0,0.0,0.0,0.0,0.0,0.0,0.0,0.0,0.0,0.0,0.0,0.0,0.0
異なる射影,3,雨中心クラスタ,1,22,0.9167453476509576,0.9876680326295899,1.0,0.4090909090909091,0.4090909090909091,0.0,0.13636363636363635,0.2727272727272727,1.0,0.0,1.0,0.4090909090909091,0.09090909090909091,0.028030303030303072,0.5733333333333334,0.26172413793103444,0.09255898366606163
異なる射影,4,雨中心クラスタ,1,46,0.8239865460386694,0.8135238756186149,0.0,0.0,0.08695652173913043,0.0,0.32608695652173914,0.15217391304347827,0.5434782608695652,0.043478260869565216,0.2826086956521739,0.5652173913043478,0.043478260869565216,0.05904605263157903,0.3253586800573889,0.7590169992609017,0.10239651416122009
異なる射影,5,雨中心クラスタ,1,21,0.8595669041162644,0.9502231346909186,1.0,0.47619047619047616,0.0,0.14285714285714285,0.23809523809523808,0.42857142857142855,1.0,0.0,0.23809523809523808,0.09523809523809523,0.0,0.0,0.12138888888888888,0.045845997973657515,0.0
異なる射影,6,雨中心クラスタ,0,0,0.0,0.0,0.0,0.0,0.0,0.0,0.0,0.0,0.0,0.0,0.0,0.0,0.0,0.0,0.0,0.0,0.0
異なる射影,7,雨中心クラスタ,1,7,0.9194423426380417,0.9320550540188008,1.0,0.42857142857142855,0.0,1.0,0.42857142857142855,1.0,0.7142857142857143,0.0,1.0,0.42857142857142855,0.0,0.0,0.25287356321839083,0.07199335548172758,0.0
異なる射影,8,雨中心クラスタ,1,26,0.8836389546116757,0.8640227853358059,1.0,0.2692307692307692,0.0,0.15384615384615385,0.4230769230769231,0.3076923076923077,0.38461538461538464,0.038461538461538464,1.0,0.0,0.07692307692307693,0.01666666666666672,0.6621254355400698,0.0,0.1868872549019609
異なる射影,1,曖昧・橋渡しクラスタ,0,0,0.0,0.0,0.0,0.0,0.0,0.0,0.0,0.0,0.0,0.0,0.0,0.0,0.0,0.0,0.0,0.0,0.0
異なる射影,2,曖昧・橋渡しクラスタ,1,37,0.9660464975132942,0.9790383514514893,1.0,0.5,0.5966666666666667,0.36,0.535,0.42,0.75,0.36,0.44,0.78,0.0,0.422025171624714,0.4804765886287625,0.6871212121212121,0.0
異なる射影,3,曖昧・橋渡しクラスタ,0,0,0.0,0.0,0.0,0.0,0.0,0.0,0.0,0.0,0.0,0.0,0.0,0.0,0.0,0.0,0.0,0.0,0.0
異なる射影,4,曖昧・橋渡しクラスタ,0,0,0.0,0.0,0.0,0.0,0.0,0.0,0.0,0.0,0.0,0.0,0.0,0.0,0.0,0.0,0.0,0.0,0.0
異なる射影,5,曖昧・橋渡しクラスタ,0,0,0.0,0.0,0.0,0.0,0.0,0.0,0.0,0.0,0.0,0.0,0.0,0.0,0.0,0.0,0.0,0.0,0.0
異なる射影,6,曖昧・橋渡しクラスタ,1,38,0.9675835352691603,0.9991556288424127,1.0,0.6055555555555556,0.1388888888888889,0.1111111111111111,0.3333333333333333,0.4138888888888889,0.5972222222222222,0.5,0.4444444444444444,0.8722222222222222,0.0,0.4204521276595744,0.3763888888888889,0.8187669376693767,0.0
異なる射影,7,曖昧・橋渡しクラスタ,0,0,0.0,0.0,0.0,0.0,0.0,0.0,0.0,0.0,0.0,0.0,0.0,0.0,0.0,0.0,0.0,0.0,0.0
異なる射影,8,曖昧・橋渡しクラスタ,1,22,0.8927638939333385,0.9300586855417504,1.0,0.045454545454545456,0.22727272727272727,0.13636363636363635,0.4090909090909091,0.045454545454545456,0.22727272727272727,0.36363636363636365,0.0,1.0,0.0,0.19696969696969702,0.0,0.6,0.0
異なる射影,1,混合・補助クラスタ,1,97,0.8871212104874054,0.9660703945764362,1.0,0.12878787878787878,0.5,0.23313782991202345,0.06818181818181818,0.04838709677419355,0.12121212121212122,0.09090909090909091,0.1639784946236559,0.06060606060606061,0.08333333333333333,0.38857142857142857,0.357913855734302,0.20047846889952148,0.485906862745098
異なる射影,2,混合・補助クラスタ,1,101,0.8795579210007342,0.988427124674556,1.0,0.2777777777777778,0.10953878406708595,0.3611111111111111,0.14753668763102726,0.17767295597484276,0.18553459119496854,0.27777777777777773,0.2421383647798742,0.06682389937106918,0.10691823899371068,0.4790617848970251,0.48854515050167224,0.3643939393939394,0.8384615384615385
異なる射影,3,混合・補助クラスタ,1,109,0.8577702682622718,0.956628720216576,1.0,0.19012493354598617,0.3333333333333333,0.1448032961190856,0.3333333333333333,0.09217171717171717,0.06313131313131314,0.07575757575757576,0.0909090909090909,0.14493620414673047,0.0707070707070707,0.4037878787878788,0.3041666666666667,0.4662068965517241,0.67005444646098
異なる射影,4,混合・補助クラスタ,1,83,0.8769643655469224,0.968293460928408,1.0,0.3333333333333333,0.18333333333333335,0.3684210526315789,0.12573099415204678,0.19444444444444445,0.0489766081871345,0.06944444444444443,0.09429824561403509,0.024999999999999998,0.14342105263157895,0.19745065789473681,0.15738880918220954,0.08470066518847008,0.7161220043572984
異なる射影,5,混合・補助クラスタ,1,68,0.8719208565182528,0.9961894309591457,1.0,0.046511627906976744,0.48139534883720936,0.09302325581395349,0.11627906976744186,0.36,0.1,0.13813953488372094,0.2111627906976744,0.2297674418604651,0.26744186046511625,0.371298593879239,0.4080555555555556,0.2836879432624113,0.7765151515151515
異なる射影,6,混合・補助クラスタ,1,86,0.8844396752530007,0.9525777402262581,1.0,0.0,0.2511475409836066,0.5,0.16393442622950818,0.12295081967213115,0.10655737704918032,0.10459016393442623,0.22295081967213115,0.01639344262295082,0.2665573770491803,0.15843085106382981,0.4963383838383839,0.053184281842818426,0.8672413793103448
異なる射影,7,混合・補助クラスタ,1,101,0.6444313483032901,0.9920605320100049,1.0,0.006329113924050633,0.08227848101265822,0.060701956271576527,0.0949367088607595,0.18210586881472957,0.5,0.06329113924050633,0.056962025316455694,0.04430379746835443,0.08227848101265822,0.24415393654524098,0.38719211822660093,0.18697674418604648,0.703125
異なる射影,8,混合・補助クラスタ,1,75,0.8412837591612773,0.9036608139779332,1.0,0.1813893653516295,0.29288164665523153,0.145368782161235,0.06432246998284734,0.12264150943396226,0.2439965694682676,0.12264150943396226,0.0,0.0,0.5,0.43598484848484853,0.0,0.0,0.8764705882352941
