group,label,entity_type,first_checkpoint,entities,survival_fraction_mean,survival_fraction_std,longest_consecutive_mean,longest_consecutive_std,final_survival_rate,continuous_to_final_rate
固定射影,学習文,edge,0,95,1.0,0.0,6.0,0.0,1.0,1.0
固定射影,学習文,edge,1,10,1.0,0.0,5.0,0.0,1.0,1.0
固定射影,学習文,edge,5,10,1.0,0.0,4.0,0.0,1.0,1.0
固定射影,学習文,edge,10,10,1.0,0.0,3.0,0.0,1.0,1.0
固定射影,学習文,edge,20,35,1.0,0.0,2.0,0.0,1.0,1.0
固定射影,学習文,edge,50,20,1.0,0.0,1.0,0.0,1.0,1.0
固定射影,学習文,node,0,140,1.0,0.0,6.0,0.0,1.0,1.0
固定射影,学習文,node,1,10,1.0,0.0,5.0,0.0,1.0,1.0
固定射影,学習文,node,5,10,1.0,0.0,4.0,0.0,1.0,1.0
固定射影,学習文,node,10,10,1.0,0.0,3.0,0.0,1.0,1.0
固定射影,学習文,node,20,35,1.0,0.0,2.0,0.0,1.0,1.0
固定射影,学習文,node,50,20,1.0,0.0,1.0,0.0,1.0,1.0
固定射影,無関係文,edge,0,110,0.9848484845454545,0.047913298839605024,5.909090909090909,0.28747978728803447,0.9090909090909091,0.9090909090909091
固定射影,無関係文,node,0,150,0.9944444443333335,0.02991758286021,5.966666666666667,0.17950549357115014,0.9666666666666667,0.9666666666666667
固定射影,類似文,edge,0,115,0.9565217391304348,0.17178651525104116,5.739130434782608,1.0307190948808436,0.9130434782608695,0.9130434782608695
固定射影,類似文,edge,5,7,0.8571428571428571,0.22587697572631282,3.4285714285714284,0.9035079029052513,0.7142857142857143,0.7142857142857143
固定射影,類似文,edge,10,14,0.9047619042857143,0.23328473857434542,2.7142857142857144,0.6998542122237652,0.8571428571428571,0.8571428571428571
固定射影,類似文,edge,20,18,1.0,0.0,2.0,0.0,1.0,1.0
固定射影,類似文,edge,50,12,1.0,0.0,1.0,0.0,1.0,1.0
固定射影,類似文,node,0,155,0.9731182796774192,0.1472372460522247,5.838709677419355,0.8834234798470422,0.967741935483871,0.967741935483871
固定射影,類似文,node,5,7,0.8571428571428571,0.22587697572631282,3.4285714285714284,0.9035079029052513,0.7142857142857143,0.7142857142857143
固定射影,類似文,node,10,14,0.9047619042857143,0.23328473857434542,2.7142857142857144,0.6998542122237652,0.8571428571428571,0.8571428571428571
固定射影,類似文,node,20,13,1.0,0.0,2.0,0.0,1.0,1.0
固定射影,類似文,node,50,12,1.0,0.0,1.0,0.0,1.0,1.0
異なる射影,学習文,edge,0,102,1.0,0.0,6.0,0.0,1.0,1.0
異なる射影,学習文,edge,1,4,1.0,0.0,5.0,0.0,1.0,1.0
異なる射影,学習文,edge,5,11,1.0,0.0,4.0,0.0,1.0,1.0
異なる射影,学習文,edge,10,13,1.0,0.0,3.0,0.0,1.0,1.0
異なる射影,学習文,edge,20,18,1.0,0.0,2.0,0.0,1.0,1.0
異なる射影,学習文,edge,50,20,1.0,0.0,1.0,0.0,1.0,1.0
異なる射影,学習文,node,0,144,1.0,0.0,6.0,0.0,1.0,1.0
異なる射影,学習文,node,1,4,1.0,0.0,5.0,0.0,1.0,1.0
異なる射影,学習文,node,5,11,1.0,0.0,4.0,0.0,1.0,1.0
異なる射影,学習文,node,10,11,1.0,0.0,3.0,0.0,1.0,1.0
異なる射影,学習文,node,20,14,1.0,0.0,2.0,0.0,1.0,1.0
異なる射影,学習文,node,50,19,1.0,0.0,1.0,0.0,1.0,1.0
異なる射影,無関係文,edge,0,104,0.9743589744230768,0.12396845850779734,5.846153846153846,0.7438107540697584,0.9423076923076923,0.9423076923076923
異なる射影,無関係文,edge,1,1,1.0,0.0,5.0,0.0,1.0,1.0
異なる射影,無関係文,edge,5,2,1.0,0.0,4.0,0.0,1.0,1.0
異なる射影,無関係文,edge,10,1,1.0,0.0,3.0,0.0,1.0,1.0
異なる射影,無関係文,edge,20,5,1.0,0.0,2.0,0.0,1.0,1.0
異なる射影,無関係文,edge,50,7,1.0,0.0,1.0,0.0,1.0,1.0
異なる射影,無関係文,node,0,150,0.9855555556,0.09988264678951501,5.913333333333333,0.5992958831458427,0.9733333333333334,0.9733333333333334
異なる射影,無関係文,node,1,1,1.0,0.0,5.0,0.0,1.0,1.0
異なる射影,無関係文,node,5,2,1.0,0.0,4.0,0.0,1.0,1.0
異なる射影,無関係文,node,10,1,1.0,0.0,3.0,0.0,1.0,1.0
異なる射影,無関係文,node,20,3,1.0,0.0,2.0,0.0,1.0,1.0
異なる射影,無関係文,node,50,7,1.0,0.0,1.0,0.0,1.0,1.0
異なる射影,類似文,edge,0,106,0.985849056509434,0.06522788854492466,5.915094339622642,0.39136733042814215,0.9433962264150944,0.9433962264150944
異なる射影,類似文,edge,1,2,1.0,0.0,5.0,0.0,1.0,1.0
異なる射影,類似文,edge,5,7,1.0,0.0,4.0,0.0,1.0,1.0
異なる射影,類似文,edge,10,2,1.0,0.0,3.0,0.0,1.0,1.0
異なる射影,類似文,edge,20,11,0.9090909090909091,0.19284730395996752,1.8181818181818181,0.38569460791993504,0.8181818181818182,0.8181818181818182
異なる射影,類似文,edge,50,15,1.0,0.0,1.0,0.0,1.0,1.0
異なる射影,類似文,node,0,150,0.99,0.05846809817074353,5.933333333333334,0.3944053188733078,0.9666666666666667,0.9666666666666667
異なる射影,類似文,node,1,1,1.0,0.0,5.0,0.0,1.0,1.0
異なる射影,類似文,node,5,6,1.0,0.0,4.0,0.0,1.0,1.0
異なる射影,類似文,node,10,2,0.8333333350000001,0.166666665,2.0,1.0,1.0,0.5
異なる射影,類似文,node,20,9,0.8888888888888888,0.20786985482077452,1.7777777777777777,0.41573970964154905,0.7777777777777778,0.7777777777777778
異なる射影,類似文,node,50,14,1.0,0.0,1.0,0.0,1.0,1.0
