group,trial,projection_seed,noise_seed,checkpoint,role,text,baseline_retention,baseline_change,node_retention,edge_retention,added_nodes,removed_nodes,added_edges,removed_edges,current_nodes,current_edges,baseline_nodes,baseline_edges
fixed_projection,1,20260804,20260902,0,train,今日は晴れて気持ちいい,1.0,0.0,1.0,1.0,0,0,0,0,28,19,28,19
fixed_projection,1,20260804,20260902,0,similar,今日の天気は最高だ,1.0,0.0,1.0,1.0,0,0,0,0,31,23,31,23
fixed_projection,1,20260804,20260902,0,unrelated,犬は公園を走っている,1.0,0.0,1.0,1.0,0,0,0,0,30,22,30,22
fixed_projection,1,20260804,20260902,1,train,今日は晴れて気持ちいい,0.9147619,0.0852381,0.93333333,0.9047619,2,0,2,0,30,21,28,19
fixed_projection,1,20260804,20260902,1,similar,今日の天気は最高だ,0.96044881,0.03955119,0.96774194,0.95652174,0,1,0,1,30,22,31,23
fixed_projection,1,20260804,20260902,1,unrelated,犬は公園を走っている,1.0,0.0,1.0,1.0,0,0,0,0,30,22,30,22
fixed_projection,1,20260804,20260902,5,train,今日は晴れて気持ちいい,0.84320652,0.15679348,0.875,0.82608696,4,0,4,0,32,23,28,19
fixed_projection,1,20260804,20260902,5,similar,今日の天気は最高だ,0.92395833,0.07604167,0.9375,0.91666667,1,1,1,1,31,23,31,23
fixed_projection,1,20260804,20260902,5,unrelated,犬は公園を走っている,1.0,0.0,1.0,1.0,0,0,0,0,30,22,30,22
fixed_projection,1,20260804,20260902,10,train,今日は晴れて気持ちいい,0.78223529,0.21776471,0.82352941,0.76,6,0,6,0,34,25,28,19
fixed_projection,1,20260804,20260902,10,similar,今日の天気は最高だ,0.85882353,0.14117647,0.88235294,0.84615385,3,1,3,1,33,25,31,23
fixed_projection,1,20260804,20260902,10,unrelated,犬は公園を走っている,1.0,0.0,1.0,1.0,0,0,0,0,30,22,30,22
fixed_projection,1,20260804,20260902,20,train,今日は晴れて気持ちいい,0.62496189,0.37503811,0.68292683,0.59375,13,0,13,0,41,32,28,19
fixed_projection,1,20260804,20260902,20,similar,今日の天気は最高だ,0.76045045,0.23954955,0.81081081,0.73333333,6,1,7,1,36,29,31,23
fixed_projection,1,20260804,20260902,20,unrelated,犬は公園を走っている,1.0,0.0,1.0,1.0,0,0,0,0,30,22,30,22
fixed_projection,1,20260804,20260902,50,train,今日は晴れて気持ちいい,0.56083333,0.43916667,0.62222222,0.52777778,17,0,17,0,45,36,28,19
fixed_projection,1,20260804,20260902,50,similar,今日の天気は最高だ,0.69579327,0.30420673,0.76923077,0.65625,8,1,9,2,38,30,31,23
fixed_projection,1,20260804,20260902,50,unrelated,犬は公園を走っている,0.92924242,0.07075758,0.96666667,0.90909091,0,1,0,2,29,20,30,22
fixed_projection,2,20260804,20260999,0,train,今日は晴れて気持ちいい,1.0,0.0,1.0,1.0,0,0,0,0,28,19,28,19
fixed_projection,2,20260804,20260999,0,similar,今日の天気は最高だ,1.0,0.0,1.0,1.0,0,0,0,0,31,23,31,23
fixed_projection,2,20260804,20260999,0,unrelated,犬は公園を走っている,1.0,0.0,1.0,1.0,0,0,0,0,30,22,30,22
fixed_projection,2,20260804,20260999,1,train,今日は晴れて気持ちいい,0.9147619,0.0852381,0.93333333,0.9047619,2,0,2,0,30,21,28,19
fixed_projection,2,20260804,20260999,1,similar,今日の天気は最高だ,0.96044881,0.03955119,0.96774194,0.95652174,0,1,0,1,30,22,31,23
fixed_projection,2,20260804,20260999,1,unrelated,犬は公園を走っている,1.0,0.0,1.0,1.0,0,0,0,0,30,22,30,22
fixed_projection,2,20260804,20260999,5,train,今日は晴れて気持ちいい,0.84320652,0.15679348,0.875,0.82608696,4,0,4,0,32,23,28,19
fixed_projection,2,20260804,20260999,5,similar,今日の天気は最高だ,0.92395833,0.07604167,0.9375,0.91666667,1,1,1,1,31,23,31,23
fixed_projection,2,20260804,20260999,5,unrelated,犬は公園を走っている,1.0,0.0,1.0,1.0,0,0,0,0,30,22,30,22
fixed_projection,2,20260804,20260999,10,train,今日は晴れて気持ちいい,0.78223529,0.21776471,0.82352941,0.76,6,0,6,0,34,25,28,19
fixed_projection,2,20260804,20260999,10,similar,今日の天気は最高だ,0.85882353,0.14117647,0.88235294,0.84615385,3,1,3,1,33,25,31,23
fixed_projection,2,20260804,20260999,10,unrelated,犬は公園を走っている,1.0,0.0,1.0,1.0,0,0,0,0,30,22,30,22
fixed_projection,2,20260804,20260999,20,train,今日は晴れて気持ちいい,0.62496189,0.37503811,0.68292683,0.59375,13,0,13,0,41,32,28,19
fixed_projection,2,20260804,20260999,20,similar,今日の天気は最高だ,0.76045045,0.23954955,0.81081081,0.73333333,6,1,7,1,36,29,31,23
fixed_projection,2,20260804,20260999,20,unrelated,犬は公園を走っている,1.0,0.0,1.0,1.0,0,0,0,0,30,22,30,22
fixed_projection,2,20260804,20260999,50,train,今日は晴れて気持ちいい,0.56083333,0.43916667,0.62222222,0.52777778,17,0,17,0,45,36,28,19
fixed_projection,2,20260804,20260999,50,similar,今日の天気は最高だ,0.69579327,0.30420673,0.76923077,0.65625,8,1,9,2,38,30,31,23
fixed_projection,2,20260804,20260999,50,unrelated,犬は公園を走っている,0.92924242,0.07075758,0.96666667,0.90909091,0,1,0,2,29,20,30,22
fixed_projection,3,20260804,20261096,0,train,今日は晴れて気持ちいい,1.0,0.0,1.0,1.0,0,0,0,0,28,19,28,19
fixed_projection,3,20260804,20261096,0,similar,今日の天気は最高だ,1.0,0.0,1.0,1.0,0,0,0,0,31,23,31,23
fixed_projection,3,20260804,20261096,0,unrelated,犬は公園を走っている,1.0,0.0,1.0,1.0,0,0,0,0,30,22,30,22
fixed_projection,3,20260804,20261096,1,train,今日は晴れて気持ちいい,0.9147619,0.0852381,0.93333333,0.9047619,2,0,2,0,30,21,28,19
fixed_projection,3,20260804,20261096,1,similar,今日の天気は最高だ,0.96044881,0.03955119,0.96774194,0.95652174,0,1,0,1,30,22,31,23
fixed_projection,3,20260804,20261096,1,unrelated,犬は公園を走っている,1.0,0.0,1.0,1.0,0,0,0,0,30,22,30,22
fixed_projection,3,20260804,20261096,5,train,今日は晴れて気持ちいい,0.84320652,0.15679348,0.875,0.82608696,4,0,4,0,32,23,28,19
fixed_projection,3,20260804,20261096,5,similar,今日の天気は最高だ,0.92395833,0.07604167,0.9375,0.91666667,1,1,1,1,31,23,31,23
fixed_projection,3,20260804,20261096,5,unrelated,犬は公園を走っている,1.0,0.0,1.0,1.0,0,0,0,0,30,22,30,22
fixed_projection,3,20260804,20261096,10,train,今日は晴れて気持ちいい,0.78223529,0.21776471,0.82352941,0.76,6,0,6,0,34,25,28,19
fixed_projection,3,20260804,20261096,10,similar,今日の天気は最高だ,0.85882353,0.14117647,0.88235294,0.84615385,3,1,3,1,33,25,31,23
fixed_projection,3,20260804,20261096,10,unrelated,犬は公園を走っている,1.0,0.0,1.0,1.0,0,0,0,0,30,22,30,22
fixed_projection,3,20260804,20261096,20,train,今日は晴れて気持ちいい,0.62496189,0.37503811,0.68292683,0.59375,13,0,13,0,41,32,28,19
fixed_projection,3,20260804,20261096,20,similar,今日の天気は最高だ,0.76045045,0.23954955,0.81081081,0.73333333,6,1,7,1,36,29,31,23
fixed_projection,3,20260804,20261096,20,unrelated,犬は公園を走っている,1.0,0.0,1.0,1.0,0,0,0,0,30,22,30,22
fixed_projection,3,20260804,20261096,50,train,今日は晴れて気持ちいい,0.56083333,0.43916667,0.62222222,0.52777778,17,0,17,0,45,36,28,19
fixed_projection,3,20260804,20261096,50,similar,今日の天気は最高だ,0.69579327,0.30420673,0.76923077,0.65625,8,1,9,2,38,30,31,23
fixed_projection,3,20260804,20261096,50,unrelated,犬は公園を走っている,0.92924242,0.07075758,0.96666667,0.90909091,0,1,0,2,29,20,30,22
fixed_projection,4,20260804,20261193,0,train,今日は晴れて気持ちいい,1.0,0.0,1.0,1.0,0,0,0,0,28,19,28,19
fixed_projection,4,20260804,20261193,0,similar,今日の天気は最高だ,1.0,0.0,1.0,1.0,0,0,0,0,31,23,31,23
fixed_projection,4,20260804,20261193,0,unrelated,犬は公園を走っている,1.0,0.0,1.0,1.0,0,0,0,0,30,22,30,22
fixed_projection,4,20260804,20261193,1,train,今日は晴れて気持ちいい,0.9147619,0.0852381,0.93333333,0.9047619,2,0,2,0,30,21,28,19
fixed_projection,4,20260804,20261193,1,similar,今日の天気は最高だ,0.96044881,0.03955119,0.96774194,0.95652174,0,1,0,1,30,22,31,23
fixed_projection,4,20260804,20261193,1,unrelated,犬は公園を走っている,1.0,0.0,1.0,1.0,0,0,0,0,30,22,30,22
fixed_projection,4,20260804,20261193,5,train,今日は晴れて気持ちいい,0.84320652,0.15679348,0.875,0.82608696,4,0,4,0,32,23,28,19
fixed_projection,4,20260804,20261193,5,similar,今日の天気は最高だ,0.92395833,0.07604167,0.9375,0.91666667,1,1,1,1,31,23,31,23
fixed_projection,4,20260804,20261193,5,unrelated,犬は公園を走っている,1.0,0.0,1.0,1.0,0,0,0,0,30,22,30,22
fixed_projection,4,20260804,20261193,10,train,今日は晴れて気持ちいい,0.78223529,0.21776471,0.82352941,0.76,6,0,6,0,34,25,28,19
fixed_projection,4,20260804,20261193,10,similar,今日の天気は最高だ,0.85882353,0.14117647,0.88235294,0.84615385,3,1,3,1,33,25,31,23
fixed_projection,4,20260804,20261193,10,unrelated,犬は公園を走っている,1.0,0.0,1.0,1.0,0,0,0,0,30,22,30,22
fixed_projection,4,20260804,20261193,20,train,今日は晴れて気持ちいい,0.62496189,0.37503811,0.68292683,0.59375,13,0,13,0,41,32,28,19
fixed_projection,4,20260804,20261193,20,similar,今日の天気は最高だ,0.76045045,0.23954955,0.81081081,0.73333333,6,1,7,1,36,29,31,23
fixed_projection,4,20260804,20261193,20,unrelated,犬は公園を走っている,1.0,0.0,1.0,1.0,0,0,0,0,30,22,30,22
fixed_projection,4,20260804,20261193,50,train,今日は晴れて気持ちいい,0.56083333,0.43916667,0.62222222,0.52777778,17,0,17,0,45,36,28,19
fixed_projection,4,20260804,20261193,50,similar,今日の天気は最高だ,0.69579327,0.30420673,0.76923077,0.65625,8,1,9,2,38,30,31,23
fixed_projection,4,20260804,20261193,50,unrelated,犬は公園を走っている,0.92924242,0.07075758,0.96666667,0.90909091,0,1,0,2,29,20,30,22
fixed_projection,5,20260804,20261290,0,train,今日は晴れて気持ちいい,1.0,0.0,1.0,1.0,0,0,0,0,28,19,28,19
fixed_projection,5,20260804,20261290,0,similar,今日の天気は最高だ,1.0,0.0,1.0,1.0,0,0,0,0,31,23,31,23
fixed_projection,5,20260804,20261290,0,unrelated,犬は公園を走っている,1.0,0.0,1.0,1.0,0,0,0,0,30,22,30,22
fixed_projection,5,20260804,20261290,1,train,今日は晴れて気持ちいい,0.9147619,0.0852381,0.93333333,0.9047619,2,0,2,0,30,21,28,19
fixed_projection,5,20260804,20261290,1,similar,今日の天気は最高だ,0.96044881,0.03955119,0.96774194,0.95652174,0,1,0,1,30,22,31,23
fixed_projection,5,20260804,20261290,1,unrelated,犬は公園を走っている,1.0,0.0,1.0,1.0,0,0,0,0,30,22,30,22
fixed_projection,5,20260804,20261290,5,train,今日は晴れて気持ちいい,0.84320652,0.15679348,0.875,0.82608696,4,0,4,0,32,23,28,19
fixed_projection,5,20260804,20261290,5,similar,今日の天気は最高だ,0.92395833,0.07604167,0.9375,0.91666667,1,1,1,1,31,23,31,23
fixed_projection,5,20260804,20261290,5,unrelated,犬は公園を走っている,1.0,0.0,1.0,1.0,0,0,0,0,30,22,30,22
fixed_projection,5,20260804,20261290,10,train,今日は晴れて気持ちいい,0.78223529,0.21776471,0.82352941,0.76,6,0,6,0,34,25,28,19
fixed_projection,5,20260804,20261290,10,similar,今日の天気は最高だ,0.85882353,0.14117647,0.88235294,0.84615385,3,1,3,1,33,25,31,23
fixed_projection,5,20260804,20261290,10,unrelated,犬は公園を走っている,1.0,0.0,1.0,1.0,0,0,0,0,30,22,30,22
fixed_projection,5,20260804,20261290,20,train,今日は晴れて気持ちいい,0.62496189,0.37503811,0.68292683,0.59375,13,0,13,0,41,32,28,19
fixed_projection,5,20260804,20261290,20,similar,今日の天気は最高だ,0.76045045,0.23954955,0.81081081,0.73333333,6,1,7,1,36,29,31,23
fixed_projection,5,20260804,20261290,20,unrelated,犬は公園を走っている,1.0,0.0,1.0,1.0,0,0,0,0,30,22,30,22
fixed_projection,5,20260804,20261290,50,train,今日は晴れて気持ちいい,0.56083333,0.43916667,0.62222222,0.52777778,17,0,17,0,45,36,28,19
fixed_projection,5,20260804,20261290,50,similar,今日の天気は最高だ,0.69579327,0.30420673,0.76923077,0.65625,8,1,9,2,38,30,31,23
fixed_projection,5,20260804,20261290,50,unrelated,犬は公園を走っている,0.92924242,0.07075758,0.96666667,0.90909091,0,1,0,2,29,20,30,22
varied_projection,1,20261813,20270902,0,train,今日は晴れて気持ちいい,1.0,0.0,1.0,1.0,0,0,0,0,28,20,28,20
varied_projection,1,20261813,20270902,0,similar,今日の天気は最高だ,1.0,0.0,1.0,1.0,0,0,0,0,29,21,29,21
varied_projection,1,20261813,20270902,0,unrelated,犬は公園を走っている,1.0,0.0,1.0,1.0,0,0,0,0,30,21,30,21
varied_projection,1,20261813,20270902,1,train,今日は晴れて気持ちいい,1.0,0.0,1.0,1.0,0,0,0,0,28,20,28,20
varied_projection,1,20261813,20270902,1,similar,今日の天気は最高だ,1.0,0.0,1.0,1.0,0,0,0,0,29,21,29,21
varied_projection,1,20261813,20270902,1,unrelated,犬は公園を走っている,0.95738095,0.04261905,0.96666667,0.95238095,0,1,0,1,29,20,30,21
varied_projection,1,20261813,20270902,5,train,今日は晴れて気持ちいい,0.84791667,0.15208333,0.875,0.83333333,4,0,4,0,32,24,28,20
varied_projection,1,20261813,20270902,5,similar,今日の天気は最高だ,0.92089762,0.07910238,0.93548387,0.91304348,2,0,2,0,31,23,29,21
varied_projection,1,20261813,20270902,5,unrelated,犬は公園を走っている,0.95738095,0.04261905,0.96666667,0.95238095,0,1,0,1,29,20,30,21
varied_projection,1,20261813,20270902,10,train,今日は晴れて気持ちいい,0.76971678,0.23028322,0.82352941,0.74074074,6,0,7,0,34,27,28,20
varied_projection,1,20261813,20270902,10,similar,今日の天気は最高だ,0.92089762,0.07910238,0.93548387,0.91304348,2,0,2,0,31,23,29,21
varied_projection,1,20261813,20270902,10,unrelated,犬は公園を走っている,0.95738095,0.04261905,0.96666667,0.95238095,0,1,0,1,29,20,30,21
varied_projection,1,20261813,20270902,20,train,今日は晴れて気持ちいい,0.72049808,0.27950192,0.77777778,0.68965517,8,0,9,0,36,29,28,20
varied_projection,1,20261813,20270902,20,similar,今日の天気は最高だ,0.8169697,0.1830303,0.84848485,0.8,4,1,4,1,32,24,29,21
varied_projection,1,20261813,20270902,20,unrelated,犬は公園を走っている,0.95738095,0.04261905,0.96666667,0.95238095,0,1,0,1,29,20,30,21
varied_projection,1,20261813,20270902,50,train,今日は晴れて気持ちいい,0.62137733,0.37862267,0.68292683,0.58823529,13,0,14,0,41,34,28,20
varied_projection,1,20261813,20270902,50,similar,今日の天気は最高だ,0.72107143,0.27892857,0.8,0.67857143,6,1,7,2,34,26,29,21
varied_projection,1,20261813,20270902,50,unrelated,犬は公園を走っている,0.91832845,0.08167155,0.93548387,0.90909091,1,1,1,1,30,21,30,21
varied_projection,2,20262822,20270999,0,train,今日は晴れて気持ちいい,1.0,0.0,1.0,1.0,0,0,0,0,29,20,29,20
varied_projection,2,20262822,20270999,0,similar,今日の天気は最高だ,1.0,0.0,1.0,1.0,0,0,0,0,30,22,30,22
varied_projection,2,20262822,20270999,0,unrelated,犬は公園を走っている,1.0,0.0,1.0,1.0,0,0,0,0,30,20,30,20
varied_projection,2,20262822,20270999,1,train,今日は晴れて気持ちいい,0.95738095,0.04261905,0.96666667,0.95238095,1,0,1,0,30,21,29,20
varied_projection,2,20262822,20270999,1,similar,今日の天気は最高だ,1.0,0.0,1.0,1.0,0,0,0,0,30,22,30,22
varied_projection,2,20262822,20270999,1,unrelated,犬は公園を走っている,0.91551459,0.08448541,0.93548387,0.9047619,1,1,1,1,30,20,30,20
varied_projection,2,20262822,20270999,5,train,今日は晴れて気持ちいい,0.88240489,0.11759511,0.90625,0.86956522,3,0,3,0,32,23,29,20
varied_projection,2,20262822,20270999,5,similar,今日の天気は最高だ,0.97173913,0.02826087,1.0,0.95652174,0,0,1,0,30,23,30,22
varied_projection,2,20262822,20270999,5,unrelated,犬は公園を走っている,0.87855114,0.12144886,0.90625,0.86363636,2,1,2,1,31,21,30,20
varied_projection,2,20262822,20270999,10,train,今日は晴れて気持ちいい,0.76342593,0.23657407,0.80555556,0.74074074,7,0,7,0,36,27,29,20
varied_projection,2,20262822,20270999,10,similar,今日の天気は最高だ,0.97173913,0.02826087,1.0,0.95652174,0,0,1,0,30,23,30,22
varied_projection,2,20262822,20270999,10,unrelated,犬は公園を走っている,0.87855114,0.12144886,0.90625,0.86363636,2,1,2,1,31,21,30,20
varied_projection,2,20262822,20270999,20,train,今日は晴れて気持ちいい,0.69358974,0.30641026,0.74358974,0.66666667,10,0,10,0,39,30,29,20
varied_projection,2,20262822,20270999,20,similar,今日の天気は最高だ,0.83845316,0.16154684,0.88235294,0.81481481,4,0,5,0,34,27,30,22
varied_projection,2,20262822,20270999,20,unrelated,犬は公園を走っている,0.82215909,0.17784091,0.87878788,0.79166667,3,1,4,1,32,23,30,20
varied_projection,2,20262822,20270999,50,train,今日は晴れて気持ちいい,0.57690691,0.42309309,0.64444444,0.54054054,16,0,17,0,45,37,29,20
varied_projection,2,20262822,20270999,50,similar,今日の天気は最高だ,0.67653153,0.32346847,0.75675676,0.63333333,7,2,8,3,35,27,30,22
varied_projection,2,20262822,20270999,50,unrelated,犬は公園を走っている,0.765,0.235,0.82857143,0.73076923,5,1,6,1,34,25,30,20
varied_projection,3,20263831,20271096,0,train,今日は晴れて気持ちいい,1.0,0.0,1.0,1.0,0,0,0,0,28,21,28,21
varied_projection,3,20263831,20271096,0,similar,今日の天気は最高だ,1.0,0.0,1.0,1.0,0,0,0,0,29,20,29,20
varied_projection,3,20263831,20271096,0,unrelated,犬は公園を走っている,1.0,0.0,1.0,1.0,0,0,0,0,31,22,31,22
varied_projection,3,20263831,20271096,1,train,今日は晴れて気持ちいい,1.0,0.0,1.0,1.0,0,0,0,0,28,21,28,21
varied_projection,3,20263831,20271096,1,similar,今日の天気は最高だ,1.0,0.0,1.0,1.0,0,0,0,0,29,20,29,20
varied_projection,3,20263831,20271096,1,unrelated,犬は公園を走っている,1.0,0.0,1.0,1.0,0,0,0,0,31,22,31,22
varied_projection,3,20263831,20271096,5,train,今日は晴れて気持ちいい,0.95838558,0.04161442,0.96551724,0.95454545,1,0,1,0,29,22,28,21
varied_projection,3,20263831,20271096,5,similar,今日の天気は最高だ,1.0,0.0,1.0,1.0,0,0,0,0,29,20,29,20
varied_projection,3,20263831,20271096,5,unrelated,犬は公園を走っている,1.0,0.0,1.0,1.0,0,0,0,0,31,22,31,22
varied_projection,3,20263831,20271096,10,train,今日は晴れて気持ちいい,0.88487903,0.11512097,0.90322581,0.875,3,0,3,0,31,24,28,21
varied_projection,3,20263831,20271096,10,similar,今日の天気は最高だ,1.0,0.0,1.0,1.0,0,0,0,0,29,20,29,20
varied_projection,3,20263831,20271096,10,unrelated,犬は公園を走っている,1.0,0.0,1.0,1.0,0,0,0,0,31,22,31,22
varied_projection,3,20263831,20271096,20,train,今日は晴れて気持ちいい,0.84112903,0.15887097,0.90322581,0.80769231,3,0,5,0,31,26,28,21
varied_projection,3,20263831,20271096,20,similar,今日の天気は最高だ,1.0,0.0,1.0,1.0,0,0,0,0,29,20,29,20
varied_projection,3,20263831,20271096,20,unrelated,犬は公園を走っている,0.94347826,0.05652174,1.0,0.91304348,0,0,1,1,31,22,31,22
varied_projection,3,20263831,20271096,50,train,今日は晴れて気持ちいい,0.81180556,0.18819444,0.875,0.77777778,4,0,6,0,32,27,28,21
varied_projection,3,20263831,20271096,50,similar,今日の天気は最高だ,1.0,0.0,1.0,1.0,0,0,0,0,29,20,29,20
varied_projection,3,20263831,20271096,50,unrelated,犬は公園を走っている,0.94347826,0.05652174,1.0,0.91304348,0,0,1,1,31,22,31,22
varied_projection,4,20264840,20271193,0,train,今日は晴れて気持ちいい,1.0,0.0,1.0,1.0,0,0,0,0,28,19,28,19
varied_projection,4,20264840,20271193,0,similar,今日の天気は最高だ,1.0,0.0,1.0,1.0,0,0,0,0,31,21,31,21
varied_projection,4,20264840,20271193,0,unrelated,犬は公園を走っている,1.0,0.0,1.0,1.0,0,0,0,0,31,21,31,21
varied_projection,4,20264840,20271193,1,train,今日は晴れて気持ちいい,0.9147619,0.0852381,0.93333333,0.9047619,2,0,2,0,30,21,28,19
varied_projection,4,20264840,20271193,1,similar,今日の天気は最高だ,0.95951705,0.04048295,0.96875,0.95454545,1,0,1,0,32,22,31,21
varied_projection,4,20264840,20271193,1,unrelated,犬は公園を走っている,1.0,0.0,1.0,1.0,0,0,0,0,31,21,31,21
varied_projection,4,20264840,20271193,5,train,今日は晴れて気持ちいい,0.84320652,0.15679348,0.875,0.82608696,4,0,4,0,32,23,28,19
varied_projection,4,20264840,20271193,5,similar,今日の天気は最高だ,0.82638889,0.17361111,0.86111111,0.80769231,5,0,5,0,36,26,31,21
varied_projection,4,20264840,20271193,5,unrelated,犬は公園を走っている,1.0,0.0,1.0,1.0,0,0,0,0,31,21,31,21
varied_projection,4,20264840,20271193,10,train,今日は晴れて気持ちいい,0.81155303,0.18844697,0.84848485,0.79166667,5,0,5,0,33,24,28,19
varied_projection,4,20264840,20271193,10,similar,今日の天気は最高だ,0.79166667,0.20833333,0.83333333,0.76923077,5,1,5,1,35,25,31,21
varied_projection,4,20264840,20271193,10,unrelated,犬は公園を走っている,0.95951705,0.04048295,0.96875,0.95454545,1,0,1,0,32,22,31,21
varied_projection,4,20264840,20271193,20,train,今日は晴れて気持ちいい,0.6695614,0.3304386,0.73684211,0.63333333,10,0,11,0,38,30,28,19
varied_projection,4,20264840,20271193,20,similar,今日の天気は最高だ,0.76526527,0.23473473,0.81081081,0.74074074,6,1,6,1,36,26,31,21
varied_projection,4,20264840,20271193,20,unrelated,犬は公園を走っている,0.8504902,0.1495098,0.88235294,0.83333333,3,1,3,1,33,23,31,21
varied_projection,4,20264840,20271193,50,train,今日は晴れて気持ちいい,0.61326681,0.38673319,0.68292683,0.57575758,13,0,14,0,41,33,28,19
varied_projection,4,20264840,20271193,50,similar,今日の天気は最高だ,0.63812544,0.36187456,0.69767442,0.60606061,12,1,12,1,42,32,31,21
varied_projection,4,20264840,20271193,50,unrelated,犬は公園を走っている,0.79166667,0.20833333,0.83333333,0.76923077,5,1,5,1,35,25,31,21
varied_projection,5,20265849,20271290,0,train,今日は晴れて気持ちいい,1.0,0.0,1.0,1.0,0,0,0,0,31,22,31,22
varied_projection,5,20265849,20271290,0,similar,今日の天気は最高だ,1.0,0.0,1.0,1.0,0,0,0,0,31,22,31,22
varied_projection,5,20265849,20271290,0,unrelated,犬は公園を走っている,1.0,0.0,1.0,1.0,0,0,0,0,28,20,28,20
varied_projection,5,20265849,20271290,1,train,今日は晴れて気持ちいい,0.96080163,0.03919837,0.96875,0.95652174,1,0,1,0,32,23,31,22
varied_projection,5,20265849,20271290,1,similar,今日の天気は最高だ,0.97173913,0.02826087,1.0,0.95652174,0,0,1,0,31,23,31,22
varied_projection,5,20265849,20271290,1,unrelated,犬は公園を走っている,1.0,0.0,1.0,1.0,0,0,0,0,28,20,28,20
varied_projection,5,20265849,20271290,5,train,今日は晴れて気持ちいい,0.89111765,0.10888235,0.91176471,0.88,3,0,3,0,34,25,31,22
varied_projection,5,20265849,20271290,5,similar,今日の天気は最高だ,0.97173913,0.02826087,1.0,0.95652174,0,0,1,0,31,23,31,22
varied_projection,5,20265849,20271290,5,unrelated,犬は公園を走っている,0.95697865,0.04302135,0.96551724,0.95238095,1,0,1,0,29,21,28,20
varied_projection,5,20265849,20271290,10,train,今日は晴れて気持ちいい,0.81210317,0.18789683,0.86111111,0.78571429,5,0,6,0,36,28,31,22
varied_projection,5,20265849,20271290,10,similar,今日の天気は最高だ,0.9110625,0.0889375,0.96875,0.88,1,0,3,0,32,25,31,22
varied_projection,5,20265849,20271290,10,unrelated,犬は公園を走っている,0.95697865,0.04302135,0.96551724,0.95238095,1,0,1,0,29,21,28,20
varied_projection,5,20265849,20271290,20,train,今日は晴れて気持ちいい,0.70458333,0.29541667,0.775,0.66666667,9,0,11,0,40,33,31,22
varied_projection,5,20265849,20271290,20,similar,今日の天気は最高だ,0.8122211,0.1877789,0.91176471,0.75862069,3,0,7,0,34,29,31,22
varied_projection,5,20265849,20271290,20,unrelated,犬は公園を走っている,0.95697865,0.04302135,0.96551724,0.95238095,1,0,1,0,29,21,28,20
varied_projection,5,20265849,20271290,50,train,今日は晴れて気持ちいい,0.6330774,0.3669226,0.70454545,0.59459459,13,0,15,0,44,37,31,22
varied_projection,5,20265849,20271290,50,similar,今日の天気は最高だ,0.74011824,0.25988176,0.83783784,0.6875,6,0,10,0,37,32,31,22
varied_projection,5,20265849,20271290,50,unrelated,犬は公園を走っている,0.81353436,0.18646564,0.87096774,0.7826087,3,1,3,2,30,21,28,20
